Workbook

Sheet 01-05-26
A1: 酸轧线生产运行记录总表 สรุปการผลิต PK CRL Line
M2: 日期 (Date)
A3: 生产数据记录 บันทึกข้อมูลการผลิต | B3: 序号 Item | C3: 生产订单 Production Order | D3: 原料规格 size of material | E3: 原料重量 Weight of material（t） | F3: 原料卷数PK（coil） | G3: 成品规格 Description product | H3: 成品重量 weight of product (t) | I3: 成品卷数 CRL（coil） | J3: 各项指标及能源消耗 (ตัวชี้วัดและการใช้พลังงาน)
B5: 1 | C5: 138100000559 | D5: HRC 3.00 x 482 SPHC | E5: 329662 | F5: 58 | G5: CRC 1.11 x 482 SPCC | H5: 326532 | I5: 58 | J5: B级品 (เกรด B) | N5: 一级品率 (เกรด A)
B6: 2 | C6: 138100000561 | D6: HRC 3.40 x 479 SPHC | E6: 17225 | F6: 3 | G6: CRC 1.11 x 479 SPCC | H6: 17040 | I6: 3 | J6: 当日 /วัน（T） | L6: 16.806 | N6: 当日/ วัน（%） | O6: =(O9-L6)/O9 -> 0.95338685
B7: 3 | C7: 138100000557 | D7: HRC 3.50 x 470 SPHC | E7: 17187 | F7: 3 | G7: CRC 1.50 X 470 SPCC | H7: 16970 | I7: 3 | J7: 合计/ทั้งหมด（T） | L7: 16.806 | N7: 合计/ ทั้งหมด（%） | O7: =(O10-L7)/O10 -> 0.95338685
J8: 原料重量 (น้ำหนักวัตถุดิบ) PK | N8: 成品重量 (น้ำหนักวัตถุดิบ) CRL
J9: 当日（t） | L9: 364.074 | N9: 当日（t） | O9: 360.542
J10: 合计（t） | L10: 364.074 | N10: 合计（t） | O10: 360.542
J11: 机时产量(อัตราการผลิต/1ชั่วโมง) | N11: 有效作业率 (อัตราการทำงาน)
J12: 当日（t/h） | L12: =O9/(9-I33) -> 46.223333 | N12: 当日 （%） | O12: =(9-I33)/9 -> 0.86666667
J13: 合计（t/h） | L13: =O10/O46 -> 46.223333 | N13: 合计（%） | O13: =O46/L46 -> 0.86666667
J14: 酸洗电耗 ( ไฟฟ้า) PK
A15: 停机记录 บันทึกการหยุดเครื่อง | B15: 23:45 - 23:51换F4工作辊！ | H15: 分钟 | I15: 小时 | J15: 当日（kwh） | L15: 2573 | N15: 当日吨钢消耗 （kwh/t） | O15: =L15/L9 -> 7.0672446
H16: 6 | I16: =ROUND(H16/60,1) -> 0.1 | J16: 合计（kwh） | L16: 2573 | N16: 合计吨钢消耗 （kwh/t） | O16: =L16/L10 -> 7.0672446
B17: 2:13-2:18辊印更换F3工作辊！ | H17: 5 | I17: =ROUND(H17/60,1) -> 0.1 | J17: 盐酸 (HCL)
J18: 当日（m³） | L18: 7 | N18: 当日吨钢消耗 （m³/t） | O18: =L18/L9 -> 0.01922686
B19: 2:22-2:33焊接头开裂F3出口，更换F4工作辊！ | H19: 11 | I19: =ROUND(H19/60,1) -> 0.2 | J19: 合计（m³） | L19: 7 | N19: 合计吨钢消耗 （m³/t） | O19: =L19/L10 -> 0.01922686
J20: 原料打包带(น้ำหนักสายรัดวัตถุ) PK | N20: 焊接切除废料(เศษวัสดุหลังการเชื่อม)PK
B21: 2:55-3:10焊接头开裂3F出口，更换F4工作辊！ | H21: 15 | I21: =ROUND(H21/60,1) -> 0.3 | J21: 当日（kg） | L21: 232 | N21: 当日（kg） | O21: 256
J22: 合计（kg） | L22: 232 | N22: 合计（kg） | O22: 256
B23: 3:57-4:27焊接头开裂F2出口更换1.3.4架工作辊！ | H23: 30 | I23: =ROUND(H23/60,1) -> 0.5 | J23: 切头切尾 (scapหัว-ท้าย) | N23: 工艺段及活套废料 (เศษวัสดุจากกระบวนการผลิต)
J24: 当日（kg） | L24: 120 | N24: 当日（kg）
J25: 合计（kg） | L25: 120 | N25: 合计（kg）
J26: 酸洗天然气( แก๊ส PK)
J27: 当日（Nm3） | L27: 1202 | N27: 当日吨钢消耗 （Nm3/t） | O27: =L27/L9 -> 3.3015266
J28: 合计（Nm3） | L28: 1202 | N28: 合计吨钢消耗 （Nm3/t） | O28: =L28/L10 -> 3.3015266
J29: 缓蚀剂 (Actived 1803 )
J30: 当日（L） | L30: 21
J31: 合计(L) | L31: 21
J32: 轧机电耗 (ไฟฟ้า) CRL
I33: =ROUND(I16+I17+I19+I21+I23+I25+I27+I29+I31,1) -> 1.2 | J33: 当日（kwh） | L33: 14587 | N33: 当日吨钢消耗 （kwh/t） | O33: =L33/O9 -> 40.458532
J34: 合计（kwh） | L34: 14587 | N34: 合计吨钢消耗 （kwh/t） | O34: =L34/O10 -> 40.458532
A35: 质量概述 QC | B35: B级品：3卷边裂 | J35: 轧机废料 (เศษวัสดุจากเครื่องรีด) | N35: 成材率 (อัตราการผลิต)
J36: 断带废ของเสียจากสายพานขาด（kg） | L36: 342 | M36: 342 | N36: =L36/1000/L9 -> 0.00093936947 | O36: =M36/1000/L10 -> 0.00093936947
J37: 调整废（kg）ของเสียจากการปรับตั้ง | L37: 160 | M37: 160 | N37: =L37/1000/L9 -> 0.0004394711 | O37: =M37/1000/L10 -> 0.0004394711
J38: 孔洞、边裂（kg）ของเสียจากขอบแตก | L38: 126 | M38: 126 | N38: =L38/1000/L9 -> 0.00034608349 | O38: =M38/1000/L10 -> 0.00034608349
J39: 当日（kg） | L39: =L36+L37+L38 -> 628 | N39: 当日（%） | O39: =O9/L9 -> 0.99029868
J40: 合计（kg） | L40: 628 | N40: 合计（%） | O40: =(O10)/(L10-L22/1000) -> 0.99093013
J41: 轧制油 (Coolant)
A42: 备注 หมายเหตุ | B42: 0:20 -1:34处理F4轧机出口测厚仪水冷箱故障，没有停机！ 轧制液重量包含油气润滑加180公斤！ | J42: 当日（kg） | L42: 270 | N42: 当日吨钢消耗 （kg/t） | O42: =L42/O9 -> 0.74887253
J43: 合计（kg） | L43: 270 | N43: 合计吨钢消耗 （kg/t） | O43: =L43/O10 -> 0.74887253
J44: 日历时间 time | N44: 实际作业时间 เวลาจริง
J45: 当日（h） | L45: 9 | N45: 当日（h） | O45: =9-I33 -> 7.8
J46: 合计（h） | L46: 9 | N46: 合计（h） | O46: 7.8
A48: Issued : …..................................................... Approved : …..............................................................

Sheet 02-05-26
A1: 酸轧线生产运行记录总表 สรุปการผลิต PK CRL Line
M2: 日期 (Date)
A3: 生产数据记录 บันทึกข้อมูลการผลิต | B3: 序号 Item | C3: 生产订单 Production Order | D3: 原料规格 size of material | E3: 原料重量 Weight of material（t） | F3: 原料卷数PK（coil） | G3: 成品规格 Description product | H3: 成品重量 weight of product (t) | I3: 成品卷数 CRL（coil） | J3: 各项指标及能源消耗 (ตัวชี้วัดและการใช้พลังงาน)
B5: 1 | C5: 138100000557 | D5: HRC 3.50 x 470 SPHC | E5: 23007 | F5: 4 | G5: CRC 1.50 X 470 SPCC | H5: 22840 | I5: 4 | J5: B级品 (เกรด B) | N5: 一级品率 (เกรด A)
B6: 2 | C6: 138100000558 | D6: HRC 3.50 x 417 SPHC | E6: 40197 | F6: 8 | G6: CRC 1.50 x 417 SPCC | H6: 39800 | I6: 8 | J6: 当日 /วัน（T） | L6: 5.798 | N6: 当日/ วัน（%） | O6: =(O9-L6)/O9 -> 0.97851829
B7: 3 | C7: 138100000568 | D7: HRC 4.50 x 383 SPHC | E7: 104392 | F7: 23 | G7: CRC 2.90 x 383 SPCC | H7: 102202 | I7: 23 | J7: 合计/ทั้งหมด（T） | L7: =L6+'01-05-26'!L7:M7 -> 22.604 | N7: 合计/ ทั้งหมด（%） | O7: =(O10-L7)/O10 -> 0.96414602
B8: 4 | C8: 138100000539 | D8: HRC 3.50 x 457 SPHC | E8: 49153 | F8: 9 | G8: CRC 1.11 x 457 SPCC | H8: 48444 | I8: 9 | J8: 原料重量 (น้ำหนักวัตถุดิบ) PK | N8: 成品重量 (น้ำหนักวัตถุดิบ) CRL
B9: 5 | C9: 138100000540 | D9: HRC 3.00 x 439 SPHC | E9: 20476 | F9: 4 | G9: CRC 1.11 x 439 SPCC | H9: 20232 | I9: 4 | J9: 当日（t） | L9: 273.898 | N9: 当日（t） | O9: 269.904
B10: 6 | C10: 138100000541 | D10: HRC 3.00 x 439 SPHC | E10: 36673 | F10: 7 | G10: CRC 1.11 x 439 SPCC | H10: 36386 | I10: 7 | J10: 合计（t） | L10: =L9+'01-05-26'!L10:M10 -> 637.972 | N10: 合计（t） | O10: =O9+'01-05-26'!O10 -> 630.446
J11: 机时产量(อัตราการผลิต/1ชั่วโมง) | N11: 有效作业率 (อัตราการทำงาน)
J12: 当日（t/h） | L12: =O9/(8-I33) -> 40.894545 | N12: 当日 （%） | O12: =(8-I33)/8 -> 0.825
J13: 合计（t/h） | L13: =O10/O46 -> 43.780972 | N13: 合计（%） | O13: =O46/L46 -> 0.84705882
J14: 酸洗电耗 ( ไฟฟ้า) PK
A15: 停机记录 บันทึกการหยุดเครื่อง | B15: 22:22-22:27辊印更换F2工作辊！ | H15: 分钟 | I15: 小时 | J15: 当日（kwh） | L15: 2537 | N15: 当日吨钢消耗 （kwh/t） | O15: =L15/L9 -> 9.2625722
H16: 5 | I16: =ROUND(H16/60,1) -> 0.1 | J16: 合计（kwh） | L16: =L15+'01-05-26'!L16:M16 -> 5110 | N16: 合计吨钢消耗 （kwh/t） | O16: =L16/L10 -> 8.0097559
B17: 23:42-0:16改规格417*3.5*1.5改383*4.5*2.9轧机失涨，更换F4工作辊！ | H17: 34 | I17: =ROUND(H17/60,1) -> 0.6 | J17: 盐酸 (HCL)
J18: 当日（m³） | L18: 4 | N18: 当日吨钢消耗 （m³/t） | O18: =L18/L9 -> 0.014603977
B19: 3:08-3:30成品383*4.5*2.9头尾两卷改为2.2便于镀锌焊接F4轧机跳闸！ | H19: 22 | I19: =ROUND(H19/60,1) -> 0.4 | J19: 合计（m³） | L19: =L18+'01-05-26'!L19:M19 -> 11 | N19: 合计吨钢消耗 （m³/t） | O19: =L19/L10 -> 0.017242136
J20: 原料打包带(น้ำหนักสายรัดวัตถุ) PK | N20: 焊接切除废料(เศษวัสดุหลังการเชื่อม)PK
B21: 3:35-3:51窄带改宽带更换F1.3.4工作辊！ | H21: 16 | I21: =ROUND(H21/60,1) -> 0.3 | J21: 当日（kg） | L21: 266 | N21: 当日（kg） | O21: 284
J22: 合计（kg） | L22: =L21+'01-05-26'!L22:M22 -> 498 | N22: 合计（kg） | O22: =O21+'01-05-26'!O22 -> 540
J23: 切头切尾 (scapหัว-ท้าย) | N23: 工艺段及活套废料 (เศษวัสดุจากกระบวนการผลิต)
J24: 当日（kg） | L24: 196 | N24: 当日（kg）
J25: 合计（kg） | L25: =L24+'01-05-26'!L25:M25 -> 316 | N25: 合计（kg）
J26: 酸洗天然气( แก๊ส PK)
J27: 当日（Nm3） | L27: 1168 | N27: 当日吨钢消耗 （Nm3/t） | O27: =L27/L9 -> 4.2643612
J28: 合计（Nm3） | L28: =L27+'01-05-26'!L28:M28 -> 2370 | N28: 合计吨钢消耗 （Nm3/t） | O28: =L28/L10 -> 3.7148966
J29: 缓蚀剂 (Actived 1803 )
J30: 当日（L） | L30: 12
J31: 合计(L) | L31: =L30+'01-05-26'!L31:O31 -> 33
J32: 轧机电耗 (ไฟฟ้า) CRL
I33: =ROUND(I16+I17+I19+I21+I23+I25+I27+I29+I31,1) -> 1.4 | J33: 当日（kwh） | L33: 12198 | N33: 当日吨钢消耗 （kwh/t） | O33: =L33/O9 -> 45.193847
J34: 合计（kwh） | L34: =L33+'01-05-26'!L34:M34 -> 26785 | N34: 合计吨钢消耗 （kwh/t） | O34: =L34/O10 -> 42.485796
A35: 质量概述 QC | B35: B级品：边裂1卷 | J35: 轧机废料 (เศษวัสดุจากเครื่องรีด) | N35: 成材率 (อัตราการผลิต)
J36: 断带废ของเสียจากสายพานขาด（kg） | L36: 776 | M36: =L36+'01-05-26'!M36 -> 1118 | N36: =L36/1000/L9 -> 0.0028331715 | O36: =M36/1000/L10 -> 0.001752428
J37: 调整废（kg）ของเสียจากการปรับตั้ง | L37: 604 | M37: =L37+'01-05-26'!M37 -> 764 | N37: =L37/1000/L9 -> 0.0022052005 | O37: =M37/1000/L10 -> 0.0011975447
J38: 孔洞、边裂（kg）ของเสียจากขอบแตก | L38: 506 | M38: =L38+'01-05-26'!M38 -> 632 | N38: =L38/1000/L9 -> 0.001847403 | O38: =M38/1000/L10 -> 0.00099063909
J39: 当日（kg） | L39: =L36+L37+L38 -> 1886 | N39: 当日（%） | O39: =O9/L9 -> 0.98541793
J40: 合计（kg） | L40: =L39+'01-05-26'!L40:M40 -> 2514 | N40: 合计（%） | O40: =(O10)/(L10-L22/1000) -> 0.98897524
J41: 轧制油 (Coolant)
A42: 备注 หมายเหตุ | B42: 1:30更换F2工作辊，生产期间更换没有停机！ 4:58-5:40实验料439*3.0*1.11全程35米工艺速度，共4卷！ | J42: 当日（kg） | L42: 80 | N42: 当日吨钢消耗 （kg/t） | O42: =L42/O9 -> 0.29640168
J43: 合计（kg） | L43: =L42+'01-05-26'!L43:M43 -> 350 | N43: 合计吨钢消耗 （kg/t） | O43: =L43/O10 -> 0.55516254
J44: 日历时间 time | N44: 实际作业时间 เวลาจริง
J45: 当日（h） | L45: 8 | N45: 当日（h） | O45: =8-I33 -> 6.6
J46: 合计（h） | L46: =L45+'01-05-26'!L46:M46 -> 17 | N46: 合计（h） | O46: =ROUND(L46-I33-'01-05-26'!I33,1) -> 14.4
A48: Issued : …..................................................... Approved : …..............................................................

Sheet 03-05-26
A1: 酸轧线生产运行记录总表 สรุปการผลิต PK CRL Line
M2: 日期 (Date)
A3: 生产数据记录 บันทึกข้อมูลการผลิต | B3: 序号 Item | C3: 生产订单 Production Order | D3: 原料规格 size of material | E3: 原料重量 Weight of material（t） | F3: 原料卷数PK（coil） | G3: 成品规格 Description product | H3: 成品重量 weight of product (t) | I3: 成品卷数 CRL（coil） | J3: 各项指标及能源消耗 (ตัวชี้วัดและการใช้พลังงาน)
B5: 1 | C5: 138100000541 | D5: HRC 3.00 x 439 SPHC | E5: 141533 | F5: 27 | G5: CRC 1.11 x 439 SPCC | H5: 140408 | I5: 27 | J5: B级品 (เกรด B) | N5: 一级品率 (เกรด A)
B6: 2 | C6: 138100000542 | D6: HRC 3.00 x 437 SPHC | E6: 188794 | F6: 36 | G6: CRC 1.11 x 437 SPCC | H6: 187388 | I6: 36 | J6: 当日 /วัน（T） | L6: 15.756 | N6: 当日/ วัน（%） | O6: =(O9-L6)/O9 -> 0.96015356
B7: 3 | C7: 138100000543 | D7: HRC 3.00 x 437 SPHC | E7: 68172 | F7: 13 | G7: CRC 1.30 x 437 SPCC | H7: 67622 | I7: 13 | J7: 合计/ทั้งหมด（T） | L7: =L6+'02-05-26'!L7:M7 -> 38.36 | N7: 合计/ ทั้งหมด（%） | O7: =(O10-L7)/O10 -> 0.96260713
J8: 原料重量 (น้ำหนักวัตถุดิบ) PK | N8: 成品重量 (น้ำหนักวัตถุดิบ) CRL
J9: 当日（t） | L9: 398.499 | N9: 当日（t） | O9: 395.418
J10: 合计（t） | L10: =L9+'02-05-26'!L10:M10 -> 1036.471 | N10: 合计（t） | O10: =O9+'02-05-26'!O10 -> 1025.864
J11: 机时产量(อัตราการผลิต/1ชั่วโมง) | N11: 有效作业率 (อัตราการทำงาน)
J12: 当日（t/h） | L12: =O9/(9-I33) -> 48.817037 | N12: 当日 （%） | O12: =(9-I33)/9 -> 0.9
J13: 合计（t/h） | L13: =O10/O46 -> 45.593956 | N13: 合计（%） | O13: =O46/L46 -> 0.86538462
J14: 酸洗电耗 ( ไฟฟ้า) PK
A15: 停机记录 บันทึกการหยุดเครื่อง | B15: 22:15-22:20焊接头开裂F2出口！ | H15: 分钟 | I15: 小时 | J15: 当日（kwh） | L15: 2657 | N15: 当日吨钢消耗 （kwh/t） | O15: =L15/L9 -> 6.6675199
H16: 5 | I16: =ROUND(H16/60,1) -> 0.1 | J16: 合计（kwh） | L16: =L15+'02-05-26'!L16:M16 -> 7767 | N16: 合计吨钢消耗 （kwh/t） | O16: =L16/L10 -> 7.4936974
B17: 22:36-22:46调试自动焊机！ | H17: 10 | I17: =ROUND(H17/60,1) -> 0.2 | J17: 盐酸 (HCL)
J18: 当日（m³） | L18: 7 | N18: 当日吨钢消耗 （m³/t） | O18: =L18/L9 -> 0.017565916
B19: 1:39-1:43辊印更换F2工作辊！ | H19: 4 | I19: =ROUND(H19/60,1) -> 0.1 | J19: 合计（m³） | L19: =L18+'02-05-26'!L19:M19 -> 18 | N19: 合计吨钢消耗 （m³/t） | O19: =L19/L10 -> 0.017366622
J20: 原料打包带(น้ำหนักสายรัดวัตถุ) PK | N20: 焊接切除废料(เศษวัสดุหลังการเชื่อม)PK
B21: 2:16-2:23辊印更换F1工作辊！ | H21: 7 | I21: =ROUND(H21/60,1) -> 0.1 | J21: 当日（kg） | L21: 256 | N21: 当日（kg） | O21: 290
J22: 合计（kg） | L22: =L21+'02-05-26'!L22:M22 -> 754 | N22: 合计（kg） | O22: =O21+'02-05-26'!O22 -> 830
B23: 3:11-3:16辊印更换F3工作辊！ | H23: 5 | I23: =ROUND(H23/60,1) -> 0.1 | J23: 切头切尾 (scapหัว-ท้าย) | N23: 工艺段及活套废料 (เศษวัสดุจากกระบวนการผลิต)
J24: 当日（kg） | L24: 134 | N24: 当日（kg）
B25: 6:40-7:00辊印更换F4工作辊！ | H25: 20 | I25: =ROUND(H25/60,1) -> 0.3 | J25: 合计（kg） | L25: =L24+'02-05-26'!L25:M25 -> 450 | N25: 合计（kg）
J26: 酸洗天然气( แก๊ส PK)
J27: 当日（Nm3） | L27: 1255 | N27: 当日吨钢消耗 （Nm3/t） | O27: =L27/L9 -> 3.1493178
J28: 合计（Nm3） | L28: =L27+'02-05-26'!L28:M28 -> 3625 | N28: 合计吨钢消耗 （Nm3/t） | O28: =L28/L10 -> 3.4974447
J29: 缓蚀剂 (Actived 1803 )
J30: 当日（L） | L30: 21
J31: 合计(L) | L31: =L30+'02-05-26'!L31:O31 -> 54
J32: 轧机电耗 (ไฟฟ้า) CRL
I33: =ROUND(I16+I17+I19+I21+I23+I25+I27+I29+I31,1) -> 0.9 | J33: 当日（kwh） | L33: 18165 | N33: 当日吨钢消耗 （kwh/t） | O33: =L33/O9 -> 45.938728
J34: 合计（kwh） | L34: =L33+'02-05-26'!L34:M34 -> 44950 | N34: 合计吨钢消耗 （kwh/t） | O34: =L34/O10 -> 43.816724
A35: 质量概述 QC | B35: B级品：边裂3卷！ | J35: 轧机废料 (เศษวัสดุจากเครื่องรีด) | N35: 成材率 (อัตราการผลิต)
J36: 断带废ของเสียจากสายพานขาด（kg） | L36: 152 | M36: =L36+'02-05-26'!M36 -> 1270 | N36: =L36/1000/L9 -> 0.00038143132 | O36: =M36/1000/L10 -> 0.0012253117
J37: 调整废（kg）ของเสียจากการปรับตั้ง | L37: 41 | M37: =L37+'02-05-26'!M37 -> 805 | N37: =L37/1000/L9 -> 0.00010288608 | O37: =M37/1000/L10 -> 0.00077667393
J38: 孔洞、边裂（kg）ของเสียจากขอบแตก | L38: 100 | M38: =L38+'02-05-26'!M38 -> 732 | N38: =L38/1000/L9 -> 0.00025094166 | O38: =M38/1000/L10 -> 0.00070624263
J39: 当日（kg） | L39: =L36+L37+L38 -> 293 | N39: 当日（%） | O39: =O9/L9 -> 0.99226849
J40: 合计（kg） | L40: =L39+'02-05-26'!L40:M40 -> 2807 | N40: 合计（%） | O40: =(O10)/(L10-L22/1000) -> 0.99048678
J41: 轧制油 (Coolant)
A42: 备注 หมายเหตุ | J42: 当日（kg） | L42: 80 | N42: 当日吨钢消耗 （kg/t） | O42: =L42/O9 -> 0.20231755
J43: 合计（kg） | L43: =L42+'02-05-26'!L43:M43 -> 430 | N43: 合计吨钢消耗 （kg/t） | O43: =L43/O10 -> 0.41915887
J44: 日历时间 time | N44: 实际作业时间 เวลาจริง
J45: 当日（h） | L45: 9 | N45: 当日（h） | O45: =9-I33 -> 8.1
J46: 合计（h） | L46: =L45+'02-05-26'!L46:M46 -> 26 | N46: 合计（h） | O46: =ROUND(L46-I33-'01-05-26'!I33-'02-05-26'!I33,1) -> 22.5
A48: Issued : …..................................................... Approved : …..............................................................

Sheet 04-05-26
A1: 酸轧线生产运行记录总表 สรุปการผลิต PK CRL Line
M2: 日期 (Date)
A3: 生产数据记录 บันทึกข้อมูลการผลิต | B3: 序号 Item | C3: 生产订单 Production Order | D3: 原料规格 size of material | E3: 原料重量 Weight of material（t） | F3: 原料卷数PK（coil） | G3: 成品规格 Description product | H3: 成品重量 weight of product (t) | I3: 成品卷数 CRL（coil） | J3: 各项指标及能源消耗 (ตัวชี้วัดและการใช้พลังงาน)
B5: 1 | C5: 138100000543 | D5: HRC 3.00 x 437 SPHC | E5: 404525 | F5: 77 | G5: CRC 1.30 x 437 SPCC | H5: 401220 | I5: 77 | J5: B级品 (เกรด B) | N5: 一级品率 (เกรด A)
J6: 当日 /วัน（T） | L6: 10.34 | N6: 当日/ วัน（%） | O6: =(O9-L6)/O9 -> 0.9742286
J7: 合计/ทั้งหมด（T） | L7: =L6+'03-05-26'!L7:M7 -> 48.7 | N7: 合计/ ทั้งหมด（%） | O7: =(O10-L7)/O10 -> 0.96587447
J8: 原料重量 (น้ำหนักวัตถุดิบ) PK | N8: 成品重量 (น้ำหนักวัตถุดิบ) CRL
J9: 当日（t） | L9: 404.525 | N9: 当日（t） | O9: 401.22
J10: 合计（t） | L10: =L9+'03-05-26'!L10:M10 -> 1440.996 | N10: 合计（t） | O10: =O9+'03-05-26'!O10 -> 1427.084
J11: 机时产量(อัตราการผลิต/1ชั่วโมง) | N11: 有效作业率 (อัตราการทำงาน)
J12: 当日（t/h） | L12: =O9/(9-I33) -> 47.764286 | N12: 当日 （%） | O12: =(9-I33)/9 -> 0.93333333
J13: 合计（t/h） | L13: =O10/O46 -> 46.183948 | N13: 合计（%） | O13: =O46/L46 -> 0.88285714
J14: 酸洗电耗 ( ไฟฟ้า) PK
A15: 停机记录 บันทึกการหยุดเครื่อง | B15: 0:14-0:25更换自动焊机焊丝！ | H15: 分钟 | I15: 小时 | J15: 当日（kwh） | L15: 2669 | N15: 当日吨钢消耗 （kwh/t） | O15: =L15/L9 -> 6.5978617
H16: 11 | I16: =ROUND(H16/60,1) -> 0.2 | J16: 合计（kwh） | L16: =L15+'03-05-26'!L16:M16 -> 10436 | N16: 合计吨钢消耗 （kwh/t） | O16: =L16/L10 -> 7.242213
B17: 6:36-7:00辊印更换F1.F2工作辊！ | H17: 24 | I17: =ROUND(H17/60,1) -> 0.4 | J17: 盐酸 (HCL)
J18: 当日（m³） | L18: 7 | N18: 当日吨钢消耗 （m³/t） | O18: =L18/L9 -> 0.017304246
J19: 合计（m³） | L19: =L18+'03-05-26'!L19:M19 -> 25 | N19: 合计吨钢消耗 （m³/t） | O19: =L19/L10 -> 0.017349111
J20: 原料打包带(น้ำหนักสายรัดวัตถุ) PK | N20: 焊接切除废料(เศษวัสดุหลังการเชื่อม)PK
J21: 当日（kg） | L21: 292 | N21: 当日（kg） | O21: 340
J22: 合计（kg） | L22: =L21+'03-05-26'!L22:M22 -> 1046 | N22: 合计（kg） | O22: =O21+'03-05-26'!O22 -> 1170
J23: 切头切尾 (scapหัว-ท้าย) | N23: 工艺段及活套废料 (เศษวัสดุจากกระบวนการผลิต)
J24: 当日（kg） | L24: 126 | N24: 当日（kg）
J25: 合计（kg） | L25: =L24+'03-05-26'!L25:M25 -> 576 | N25: 合计（kg）
J26: 酸洗天然气( แก๊ส PK)
J27: 当日（Nm3） | L27: 1280 | N27: 当日吨钢消耗 （Nm3/t） | O27: =L27/L9 -> 3.1642049
J28: 合计（Nm3） | L28: =L27+'03-05-26'!L28:M28 -> 4905 | N28: 合计吨钢消耗 （Nm3/t） | O28: =L28/L10 -> 3.4038956
J29: 缓蚀剂 (Actived 1803 )
J30: 当日（L） | L30: 21
J31: 合计(L) | L31: =L30+'03-05-26'!L31:O31 -> 75
J32: 轧机电耗 (ไฟฟ้า) CRL
I33: =ROUND(I16+I17+I19+I21+I23+I25+I27+I29+I31,1) -> 0.6 | J33: 当日（kwh） | L33: 16129 | N33: 当日吨钢消耗 （kwh/t） | O33: =L33/O9 -> 40.19989
J34: 合计（kwh） | L34: =L33+'03-05-26'!L34:M34 -> 61079 | N34: 合计吨钢消耗 （kwh/t） | O34: =L34/O10 -> 42.799863
A35: 质量概述 QC | B35: B级品：边裂2卷！ | J35: 轧机废料 (เศษวัสดุจากเครื่องรีด) | N35: 成材率 (อัตราการผลิต)
J36: 断带废ของเสียจากสายพานขาด（kg） | L36: 0 | M36: =L36+'03-05-26'!M36 -> 1270 | N36: =L36/1000/L9 -> 0 | O36: =M36/1000/L10 -> 0.00088133485
J37: 调整废（kg）ของเสียจากการปรับตั้ง | L37: 216 | M37: =L37+'03-05-26'!M37 -> 1021 | N37: =L37/1000/L9 -> 0.00053395958 | O37: =M37/1000/L10 -> 0.00070853771
J38: 孔洞、边裂（kg）ของเสียจากขอบแตก | L38: 202 | M38: =L38+'03-05-26'!M38 -> 934 | N38: =L38/1000/L9 -> 0.00049935109 | O38: =M38/1000/L10 -> 0.0006481628
J39: 当日（kg） | L39: =L36+L37+L38 -> 418 | N39: 当日（%） | O39: =O9/L9 -> 0.99182992
J40: 合计（kg） | L40: =L39+'03-05-26'!L40:M40 -> 3225 | N40: 合计（%） | O40: =(O10)/(L10-L22/1000) -> 0.99106497
J41: 轧制油 (Coolant)
A42: 备注 หมายเหตุ | J42: 当日（kg） | L42: 70 | N42: 当日吨钢消耗 （kg/t） | O42: =L42/O9 -> 0.17446787
J43: 合计（kg） | L43: =L42+'03-05-26'!L43:M43 -> 500 | N43: 合计吨钢消耗 （kg/t） | O43: =L43/O10 -> 0.3503648
J44: 日历时间 time | N44: 实际作业时间 เวลาจริง
J45: 当日（h） | L45: 9 | N45: 当日（h） | O45: =9-I33 -> 8.4
J46: 合计（h） | L46: =L45+'03-05-26'!L46:M46 -> 35 | N46: 合计（h） | O46: =ROUND(L46-I33-'01-05-26'!I33-'02-05-26'!I33-'03-05-26'!I33,1) -> 30.9
A48: Issued : …..................................................... Approved : …..............................................................

Sheet 05-05-26
A1: 酸轧线生产运行记录总表 สรุปการผลิต PK CRL Line
M2: 日期 (Date)
A3: 生产数据记录 บันทึกข้อมูลการผลิต | B3: 序号 Item | C3: 生产订单 Production Order | D3: 原料规格 size of material | E3: 原料重量 Weight of material（t） | F3: 原料卷数PK（coil） | G3: 成品规格 Description product | H3: 成品重量 weight of product (t) | I3: 成品卷数 CRL（coil） | J3: 各项指标及能源消耗 (ตัวชี้วัดและการใช้พลังงาน)
B5: 1 | C5: 138100000543 | D5: HRC 3.00 x 437 SPHC | E5: 293595 | F5: 56 | G5: CRC 1.30 x 437 SPCC | H5: 291298 | I5: 56 | J5: B级品 (เกรด B) | N5: 一级品率 (เกรด A)
B6: 2 | C6: 138100000544 | D6: HRC 3.60 x 439 SPHC | E6: 5210 | F6: 1 | G6: CRC 1.30 x 437 SPCC | H6: 5150 | I6: 1 | J6: 当日 /วัน（T） | L6: 25.916 | N6: 当日/ วัน（%） | O6: =(O9-L6)/O9 -> 0.93525985
B7: 3 | C7: 138100000541 | D7: HRC 3.00 x 439 SPHC | E7: 15932 | F7: 3 | G7: CRC 1.11 x 439 SPCC | H7: 15798 | I7: 3 | J7: 合计/ทั้งหมด（T） | L7: =L6+'04-05-26'!L7:M7 -> 74.616 | N7: 合计/ ทั้งหมด（%） | O7: =(O10-L7)/O10 -> 0.95916804
B8: 4 | C8: 138100000548 | D8: HRC 3.00 x 434 SPHC | E8: 88810 | F8: 17 | G8: CRC 1.11 x 434 SPCC | H8: 88062 | I8: 17 | J8: 原料重量 (น้ำหนักวัตถุดิบ) PK | N8: 成品重量 (น้ำหนักวัตถุดิบ) CRL
J9: 当日（t） | L9: 403.547 | N9: 当日（t） | O9: 400.308
J10: 合计（t） | L10: =L9+'04-05-26'!L10:M10 -> 1844.543 | N10: 合计（t） | O10: =O9+'04-05-26'!O10 -> 1827.392
J11: 机时产量(อัตราการผลิต/1ชั่วโมง) | N11: 有效作业率 (อัตราการทำงาน)
J12: 当日（t/h） | L12: =O9/(9-I33) -> 46.012414 | N12: 当日 （%） | O12: =(9-I33)/9 -> 0.96666667
J13: 合计（t/h） | L13: =O10/O46 -> 46.146263 | N13: 合计（%） | O13: =O46/L46 -> 0.9
J14: 酸洗电耗 ( ไฟฟ้า) PK
A15: 停机记录 บันทึกการหยุดเครื่อง | B15: 23:20-23:28处理1号收卷机液压阀台漏油！ | H15: 分钟 | I15: 小时 | J15: 当日（kwh） | L15: 2628 | N15: 当日吨钢消耗 （kwh/t） | O15: =L15/L9 -> 6.5122526
H16: 8 | I16: =ROUND(H16/60,1) -> 0.1 | J16: 合计（kwh） | L16: =L15+'04-05-26'!L16:M16 -> 13064 | N16: 合计吨钢消耗 （kwh/t） | O16: =L16/L10 -> 7.0825131
B17: 3:16-3:22辊印更换F3工作辊！ | H17: 6 | I17: =ROUND(H17/60,1) -> 0.1 | J17: 盐酸 (HCL)
J18: 当日（m³） | L18: 10 | N18: 当日吨钢消耗 （m³/t） | O18: =L18/L9 -> 0.024780261
B19: 3:53-3:58调试自动焊机！ | H19: 5 | I19: =ROUND(H19/60,1) -> 0.1 | J19: 合计（m³） | L19: =L18+'04-05-26'!L19:M19 -> 35 | N19: 合计吨钢消耗 （m³/t） | O19: =L19/L10 -> 0.01897489
J20: 原料打包带(น้ำหนักสายรัดวัตถุ) PK | N20: 焊接切除废料(เศษวัสดุหลังการเชื่อม)PK
B21: 4:40-4:46辊印更换F4工作辊！ | H21: 6 | I21: =ROUND(H21/60,1) -> 0.1 | J21: 当日（kg） | L21: 280 | N21: 当日（kg） | O21: 350
J22: 合计（kg） | L22: =L21+'04-05-26'!L22:M22 -> 1326 | N22: 合计（kg） | O22: =O21+'04-05-26'!O22 -> 1520
J23: 切头切尾 (scapหัว-ท้าย) | N23: 工艺段及活套废料 (เศษวัสดุจากกระบวนการผลิต)
J24: 当日（kg） | L24: 140 | N24: 当日（kg）
J25: 合计（kg） | L25: =L24+'04-05-26'!L25:M25 -> 716 | N25: 合计（kg）
J26: 酸洗天然气( แก๊ส PK)
J27: 当日（Nm3） | L27: 1310 | N27: 当日吨钢消耗 （Nm3/t） | O27: =L27/L9 -> 3.2462142
J28: 合计（Nm3） | L28: =L27+'04-05-26'!L28:M28 -> 6215 | N28: 合计吨钢消耗 （Nm3/t） | O28: =L28/L10 -> 3.3693983
J29: 缓蚀剂 (Actived 1803 )
J30: 当日（L） | L30: 30
J31: 合计(L) | L31: =L30+'04-05-26'!L31:O31 -> 105
J32: 轧机电耗 (ไฟฟ้า) CRL
I33: =ROUND(I16+I17+I19+I22+I23+I25+I27+I29+I31,1) -> 0.3 | J33: 当日（kwh） | L33: 16777 | N33: 当日吨钢消耗 （kwh/t） | O33: =L33/O9 -> 41.910229
J34: 合计（kwh） | L34: =L33+'04-05-26'!L34:M34 -> 77856 | N34: 合计吨钢消耗 （kwh/t） | O34: =L34/O10 -> 42.60498
A35: 质量概述 QC | B35: B级品：4卷原料边裂，1卷带尾氧化皮，共5卷！ | J35: 轧机废料 (เศษวัสดุจากเครื่องรีด) | N35: 成材率 (อัตราการผลิต)
J36: 断带废ของเสียจากสายพานขาด（kg） | L36: 0 | M36: =L36+'04-05-26'!M36 -> 1270 | N36: =L36/1000/L9 -> 0 | O36: =M36/1000/L10 -> 0.00068851743
J37: 调整废（kg）ของเสียจากการปรับตั้ง | L37: 86 | M37: =L37+'04-05-26'!M37 -> 1107 | N37: =L37/1000/L9 -> 0.00021311024 | O37: =M37/1000/L10 -> 0.00060014865
J38: 孔洞、边裂（kg）ของเสียจากขอบแตก | L38: 181 | M38: =L38+'04-05-26'!M38 -> 1115 | N38: =L38/1000/L9 -> 0.00044852272 | O38: =M38/1000/L10 -> 0.00060448577
J39: 当日（kg） | L39: =L36+L37+L38 -> 267 | N39: 当日（%） | O39: =O9/L9 -> 0.99197367
J40: 合计（kg） | L40: =L39+'04-05-26'!L40:M40 -> 3492 | N40: 合计（%） | O40: =(O10)/(L10-L22/1000) -> 0.99141447
J41: 轧制油 (Coolant)
A42: 备注 หมายเหตุ | J42: 当日（kg） | L42: 60 | N42: 当日吨钢消耗 （kg/t） | O42: =L42/O9 -> 0.14988459
J43: 合计（kg） | L43: =L42+'04-05-26'!L43:M43 -> 560 | N43: 合计吨钢消耗 （kg/t） | O43: =L43/O10 -> 0.30644766
J44: 日历时间 time | N44: 实际作业时间 เวลาจริง
J45: 当日（h） | L45: 9 | N45: 当日（h） | O45: =9-I33 -> 8.7
J46: 合计（h） | L46: =L45+'04-05-26'!L46:M46 -> 44 | N46: 合计（h） | O46: =ROUND(L46-I33-'01-05-26'!I33-'02-05-26'!I33-'03-05-26'!I33-'04-05-26'!I33,1) -> 39.6
A48: Issued : …..................................................... Approved : …..............................................................

Sheet 06-05-26
A1: 酸轧线生产运行记录总表 สรุปการผลิต PK CRL Line
M2: 日期 (Date)
A3: 生产数据记录 บันทึกข้อมูลการผลิต | B3: 序号 Item | C3: 生产订单 Production Order | D3: 原料规格 size of material | E3: 原料重量 Weight of material（t） | F3: 原料卷数PK（coil） | G3: 成品规格 Description product | H3: 成品重量 weight of product (t) | I3: 成品卷数 CRL（coil） | J3: 各项指标及能源消耗 (ตัวชี้วัดและการใช้พลังงาน)
B5: 1 | C5: 138100000548 | D5: HRC 3.00 x 434 SPHC | E5: 488942 | F5: 93 | G5: CRC 1.11 x 434 SPCC | H5: 484822 | I5: 93 | J5: B级品 (เกรด B) | N5: 一级品率 (เกรด A)
B6: 2 | C6: 138100000546 | D6: HRC 3.00 x 434 SPHC | E6: 26345 | F6: 5 | G6: CRC 1.30 x 434 SPCC | H6: 26132 | I6: 5 | J6: 当日 /วัน（T） | L6: 31.296 | N6: 当日/ วัน（%） | O6: =(O9-L6)/O9 -> 0.93874987
J7: 合计/ทั้งหมด（T） | L7: =L6+'05-05-26'!L7:M7 -> 105.912 | N7: 合计/ ทั้งหมด（%） | O7: =(O10-L7)/O10 -> 0.95470645
J8: 原料重量 (น้ำหนักวัตถุดิบ) PK | N8: 成品重量 (น้ำหนักวัตถุดิบ) CRL
J9: 当日（t） | L9: 515.287 | N9: 当日（t） | O9: 510.954
J10: 合计（t） | L10: =L9+'05-05-26'!L10:M10 -> 2359.83 | N10: 合计（t） | O10: =O9+'05-05-26'!O10 -> 2338.346
J11: 机时产量(อัตราการผลิต/1ชั่วโมง) | N11: 有效作业率 (อัตราการทำงาน)
J12: 当日（t/h） | L12: =O9/(11-I33) -> 47.75271 | N12: 当日 （%） | O12: =(11-I33)/11 -> 0.97272727
J13: 合计（t/h） | L13: =O10/O46 -> 46.487992 | N13: 合计（%） | O13: =O46/L46 -> 0.91454545
J14: 酸洗电耗 ( ไฟฟ้า) PK
A15: 停机记录 บันทึกการหยุดเครื่อง | B15: 22:49-22:54辊印更换F4工作辊！ | H15: 分钟 | I15: 小时 | J15: 当日（kwh） | L15: 3155 | N15: 当日吨钢消耗 （kwh/t） | O15: =L15/L9 -> 6.1228015
H16: 5 | I16: =ROUND(H16/60,1) -> 0.1 | J16: 合计（kwh） | L16: =L15+'05-05-26'!L16:M16 -> 16219 | N16: 合计吨钢消耗 （kwh/t） | O16: =L16/L10 -> 6.8729527
B17: 1:24-1:28自动焊机调试！ | H17: 4 | I17: =ROUND(H17/60,1) -> 0.1 | J17: 盐酸 (HCL)
J18: 当日（m³） | L18: 12 | N18: 当日吨钢消耗 （m³/t） | O18: =L18/L9 -> 0.023287993
B19: 3:35-3:41辊印更换F1工作辊！ | H19: 6 | I19: =ROUND(H19/60,1) -> 0.1 | J19: 合计（m³） | L19: =L18+'05-05-26'!L19:M19 -> 47 | N19: 合计吨钢消耗 （m³/t） | O19: =L19/L10 -> 0.019916689
J20: 原料打包带(น้ำหนักสายรัดวัตถุ) PK | N20: 焊接切除废料(เศษวัสดุหลังการเชื่อม)PK
B21: 8:40-9:00更换F2.3工作辊！ | H21: 20 | I21: =ROUND(H21/60,1) -> 0.3 | J21: 当日（kg） | L21: 400 | N21: 当日（kg） | O21: 400
J22: 合计（kg） | L22: =L21+'05-05-26'!L22:M22 -> 1726 | N22: 合计（kg） | O22: =O21+'05-05-26'!O22 -> 1920
J23: 切头切尾 (scapหัว-ท้าย) | N23: 工艺段及活套废料 (เศษวัสดุจากกระบวนการผลิต)
J24: 当日（kg） | L24: 270 | N24: 当日（kg）
J25: 合计（kg） | L25: =L24+'05-05-26'!L25:M25 -> 986 | N25: 合计（kg）
J26: 酸洗天然气( แก๊ส PK)
J27: 当日（Nm3） | L27: 1497 | N27: 当日吨钢消耗 （Nm3/t） | O27: =L27/L9 -> 2.9051771
J28: 合计（Nm3） | L28: =L27+'05-05-26'!L28:M28 -> 7712 | N28: 合计吨钢消耗 （Nm3/t） | O28: =L28/L10 -> 3.268032
J29: 缓蚀剂 (Actived 1803 )
J30: 当日（L） | L30: 36
J31: 合计(L) | L31: =L30+'05-05-26'!L31:O31 -> 141
J32: 轧机电耗 (ไฟฟ้า) CRL
I33: =ROUND(I16+I17+I19+I22+I23+I25+I27+I29+I31,1) -> 0.3 | J33: 当日（kwh） | L33: 22109 | N33: 当日吨钢消耗 （kwh/t） | O33: =L33/O9 -> 43.27004
J34: 合计（kwh） | L34: =L33+'05-05-26'!L34:M34 -> 99965 | N34: 合计吨钢消耗 （kwh/t） | O34: =L34/O10 -> 42.750303
A35: 质量概述 QC | B35: B级品：6卷原料边裂！ | J35: 轧机废料 (เศษวัสดุจากเครื่องรีด) | N35: 成材率 (อัตราการผลิต)
J36: 断带废ของเสียจากสายพานขาด（kg） | L36: 219 | M36: =L36+'05-05-26'!M36 -> 1489 | N36: =L36/1000/L9 -> 0.00042500587 | O36: =M36/1000/L10 -> 0.00063097766
J37: 调整废（kg）ของเสียจากการปรับตั้ง | L37: 120 | M37: =L37+'05-05-26'!M37 -> 1227 | N37: =L37/1000/L9 -> 0.00023287993 | O37: =M37/1000/L10 -> 0.00051995271
J38: 孔洞、边裂（kg）ของเสียจากขอบแตก | L38: 122 | M38: =L38+'05-05-26'!M38 -> 1237 | N38: =L38/1000/L9 -> 0.00023676126 | O38: =M38/1000/L10 -> 0.0005241903
J39: 当日（kg） | L39: =L36+L37+L38 -> 461 | N39: 当日（%） | O39: =O9/L9 -> 0.99159109
J40: 合计（kg） | L40: =L39+'05-05-26'!L40:M40 -> 3953 | N40: 合计（%） | O40: =(O10)/(L10-L22/1000) -> 0.99162123
J41: 轧制油 (Coolant)
A42: 备注 หมายเหตุ | J42: 当日（kg） | L42: 60 | N42: 当日吨钢消耗 （kg/t） | O42: =L42/O9 -> 0.1174274
J43: 合计（kg） | L43: =L42+'05-05-26'!L43:M43 -> 620 | N43: 合计吨钢消耗 （kg/t） | O43: =L43/O10 -> 0.26514468
J44: 日历时间 time | N44: 实际作业时间 เวลาจริง
J45: 当日（h） | L45: 11 | N45: 当日（h） | O45: =11-I33 -> 10.7
J46: 合计（h） | L46: =L45+'05-05-26'!L46:M46 -> 55 | N46: 合计（h） | O46: =ROUND(L46-I33-'01-05-26'!I33-'02-05-26'!I33-'03-05-26'!I33-'04-05-26'!I33-'05-05-26'!I33,1) -> 50.3
A48: Issued : …..................................................... Approved : …..............................................................

Sheet 07-05-26
A1: 酸轧线生产运行记录总表 สรุปการผลิต PK CRL Line
M2: 日期 (Date)
A3: 生产数据记录 บันทึกข้อมูลการผลิต | B3: 序号 Item | C3: 生产订单 Production Order | D3: 原料规格 size of material | E3: 原料重量 Weight of material（t） | F3: 原料卷数PK（coil） | G3: 成品规格 Description product | H3: 成品重量 weight of product (t) | I3: 成品卷数 CRL（coil） | J3: 各项指标及能源消耗 (ตัวชี้วัดและการใช้พลังงาน)
B5: 1 | C5: 138100000546 | D5: HRC 3.00 x 434 SPHC | E5: 509262 | F5: 97 | G5: CRC 1.30 x 434 SPCC | H5: 505212 | I5: 97 | J5: B级品 (เกรด B) | N5: 一级品率 (เกรด A)
J6: 当日 /วัน（T） | L6: 10.46 | N6: 当日/ วัน（%） | O6: =(O9-L6)/O9 -> 0.97929582
J7: 合计/ทั้งหมด（T） | L7: =L6+'06-05-26'!L7:M7 -> 116.372 | N7: 合计/ ทั้งหมด（%） | O7: =(O10-L7)/O10 -> 0.95907521
J8: 原料重量 (น้ำหนักวัตถุดิบ) PK | N8: 成品重量 (น้ำหนักวัตถุดิบ) CRL
J9: 当日（t） | L9: 509.262 | N9: 当日（t） | O9: 505.212
J10: 合计（t） | L10: =L9+'06-05-26'!L10:M10 -> 2869.092 | N10: 合计（t） | O10: =O9+'06-05-26'!O10 -> 2843.558
J11: 机时产量(อัตราการผลิต/1ชั่วโมง) | N11: 有效作业率 (อัตราการทำงาน)
J12: 当日（t/h） | L12: =O9/(11-I33) -> 47.661509 | N12: 当日 （%） | O12: =(11-I33)/11 -> 0.96363636
J13: 合计（t/h） | L13: =O10/O46 -> 46.69225 | N13: 合计（%） | O13: =O46/L46 -> 0.92272727
J14: 酸洗电耗 ( ไฟฟ้า) PK
A15: 停机记录 บันทึกการหยุดเครื่อง | B15: 23:50-23:56调试自动焊机！ | H15: 分钟 | I15: 小时 | J15: 当日（kwh） | L15: 3236 | N15: 当日吨钢消耗 （kwh/t） | O15: =L15/L9 -> 6.3542931
H16: 6 | I16: =ROUND(H16/60,1) -> 0.1 | J16: 合计（kwh） | L16: =L15+'06-05-26'!L16:M16 -> 19455 | N16: 合计吨钢消耗 （kwh/t） | O16: =L16/L10 -> 6.780891
B17: 0:23-0:28辊印更换F1工作辊！ | H17: 5 | I17: =ROUND(H17/60,1) -> 0.1 | J17: 盐酸 (HCL)
J18: 当日（m³） | L18: 10 | N18: 当日吨钢消耗 （m³/t） | O18: =L18/L9 -> 0.019636258
B19: 7:24-7:33处理原料镰刀弯，越10米左右！ | H19: 9 | I19: =ROUND(H19/60,1) -> 0.2 | J19: 合计（m³） | L19: =L18+'06-05-26'!L19:M19 -> 57 | N19: 合计吨钢消耗 （m³/t） | O19: =L19/L10 -> 0.019866913
J20: 原料打包带(น้ำหนักสายรัดวัตถุ) PK | N20: 焊接切除废料(เศษวัสดุหลังการเชื่อม)PK
B21: 8:40-9:00更换F2.F4工作辊！ | H21: 20 | I21: =ROUND(H21/60,1) -> 0.3 | J21: 当日（kg） | L21: 394 | N21: 当日（kg） | O21: 440
J22: 合计（kg） | L22: =L21+'06-05-26'!L22:M22 -> 2120 | N22: 合计（kg） | O22: =O21+'06-05-26'!O22 -> 2360
J23: 切头切尾 (scapหัว-ท้าย) | N23: 工艺段及活套废料 (เศษวัสดุจากกระบวนการผลิต)
J24: 当日（kg） | L24: 165 | N24: 当日（kg）
J25: 合计（kg） | L25: =L24+'06-05-26'!L25:M25 -> 1151 | N25: 合计（kg）
J26: 酸洗天然气( แก๊ส PK)
J27: 当日（Nm3） | L27: 1517 | N27: 当日吨钢消耗 （Nm3/t） | O27: =L27/L9 -> 2.9788203
J28: 合计（Nm3） | L28: =L27+'06-05-26'!L28:M28 -> 9229 | N28: 合计吨钢消耗 （Nm3/t） | O28: =L28/L10 -> 3.2166971
J29: 缓蚀剂 (Actived 1803 )
J30: 当日（L） | L30: 30
J31: 合计(L) | L31: =L30+'06-05-26'!L31:O31 -> 171
J32: 轧机电耗 (ไฟฟ้า) CRL
I33: =ROUND(I16+I17+I19+I22+I23+I25+I27+I29+I31,1) -> 0.4 | J33: 当日（kwh） | L33: 19973 | N33: 当日吨钢消耗 （kwh/t） | O33: =L33/O9 -> 39.533899
J34: 合计（kwh） | L34: =L33+'06-05-26'!L34:M34 -> 119938 | N34: 合计吨钢消耗 （kwh/t） | O34: =L34/O10 -> 42.178848
A35: 质量概述 QC | B35: 边裂2卷！ | J35: 轧机废料 (เศษวัสดุจากเครื่องรีด) | N35: 成材率 (อัตราการผลิต)
J36: 断带废ของเสียจากสายพานขาด（kg） | L36: 0 | M36: =L36+'06-05-26'!M36 -> 1489 | N36: =L36/1000/L9 -> 0 | O36: =M36/1000/L10 -> 0.00051897952
J37: 调整废（kg）ของเสียจากการปรับตั้ง | L37: 98 | M37: =L37+'06-05-26'!M37 -> 1325 | N37: =L37/1000/L9 -> 0.00019243533 | O37: =M37/1000/L10 -> 0.00046181858
J38: 孔洞、边裂（kg）ของเสียจากขอบแตก | L38: 120 | M38: =L38+'06-05-26'!M38 -> 1357 | N38: =L38/1000/L9 -> 0.0002356351 | O38: =M38/1000/L10 -> 0.00047297194
J39: 当日（kg） | L39: =L36+L37+L38 -> 218 | N39: 当日（%） | O39: =O9/L9 -> 0.99204732
J40: 合计（kg） | L40: =L39+'06-05-26'!L40:M40 -> 4171 | N40: 合计（%） | O40: =(O10)/(L10-L22/1000) -> 0.9918332
J41: 轧制油 (Coolant)
A42: 备注 หมายเหตุ | B42: 备注：原料镰刀弯剪切110公斤，切头切尾重量已包含！ | J42: 当日（kg） | L42: 0 | N42: 当日吨钢消耗 （kg/t） | O42: =L42/O9 -> 0
J43: 合计（kg） | L43: =L42+'06-05-26'!L43:M43 -> 620 | N43: 合计吨钢消耗 （kg/t） | O43: =L43/O10 -> 0.2180367
J44: 日历时间 time | N44: 实际作业时间 เวลาจริง
J45: 当日（h） | L45: 11 | N45: 当日（h） | O45: =11-I33 -> 10.6
J46: 合计（h） | L46: =L45+'06-05-26'!L46:M46 -> 66 | N46: 合计（h） | O46: =ROUND(L46-I33-'01-05-26'!I33-'02-05-26'!I33-'03-05-26'!I33-'04-05-26'!I33-'05-05-26'!I33-'06-05-26'!I33,1) -> 60.9
A48: Issued : …..................................................... Approved : …..............................................................

Sheet 08-05-26
A1: 酸轧线生产运行记录总表 สรุปการผลิต PK CRL Line
M2: 日期 (Date)
A3: 生产数据记录 บันทึกข้อมูลการผลิต | B3: 序号 Item | C3: 生产订单 Production Order | D3: 原料规格 size of material | E3: 原料重量 Weight of material（t） | F3: 原料卷数PK（coil） | G3: 成品规格 Description product | H3: 成品重量 weight of product (t) | I3: 成品卷数 CRL（coil） | J3: 各项指标及能源消耗 (ตัวชี้วัดและการใช้พลังงาน)
B5: 1 | C5: 138100000546 | D5: HRC 3.00 x 434 SPHC | E5: 501506 | F5: 96 | G5: CRC 1.30 x 434 SPCC | H5: 497584 | I5: 96 | J5: B级品 (เกรด B) | N5: 一级品率 (เกรด A)
J6: 当日 /วัน（T） | L6: 5.144 | N6: 当日/ วัน（%） | O6: =(O9-L6)/O9 -> 0.98966205
J7: 合计/ทั้งหมด（T） | L7: =L6+'07-05-26'!L7:M7 -> 121.516 | N7: 合计/ ทั้งหมด（%） | O7: =(O10-L7)/O10 -> 0.9636304
J8: 原料重量 (น้ำหนักวัตถุดิบ) PK | N8: 成品重量 (น้ำหนักวัตถุดิบ) CRL
J9: 当日（t） | L9: 501.506 | N9: 当日（t） | O9: 497.584
J10: 合计（t） | L10: =L9+'07-05-26'!L10:M10 -> 3370.598 | N10: 合计（t） | O10: =O9+'07-05-26'!O10 -> 3341.142
J11: 机时产量(อัตราการผลิต/1ชั่วโมง) | N11: 有效作业率 (อัตราการทำงาน)
J12: 当日（t/h） | L12: =O9/(11-I33) -> 46.503178 | N12: 当日 （%） | O12: =(11-I33)/11 -> 0.97272727
J13: 合计（t/h） | L13: =O10/O46 -> 46.663994 | N13: 合计（%） | O13: =O46/L46 -> 0.92987013
J14: 酸洗电耗 ( ไฟฟ้า) PK
A15: 停机记录 บันทึกการหยุดเครื่อง | B15: 0:26-0:31自动焊机调试！ | H15: 分钟 | I15: 小时 | J15: 当日（kwh） | L15: 3214 | N15: 当日吨钢消耗 （kwh/t） | O15: =L15/L9 -> 6.408697
H16: 5 | I16: =ROUND(H16/60,1) -> 0.1 | J16: 合计（kwh） | L16: =L15+'07-05-26'!L16:M16 -> 22669 | N16: 合计吨钢消耗 （kwh/t） | O16: =L16/L10 -> 6.7255128
B17: 3:55-4:01辊印更换F1工作辊！ | H17: 6 | I17: =ROUND(H17/60,1) -> 0.1 | J17: 盐酸 (HCL)
J18: 当日（m³） | L18: 10 | N18: 当日吨钢消耗 （m³/t） | O18: =L18/L9 -> 0.019939941
B19: 4:17-4:22辊印更换F3工作辊！ | H19: 5 | I19: =ROUND(H19/60,1) -> 0.1 | J19: 合计（m³） | L19: =L18+'07-05-26'!L19:M19 -> 67 | N19: 合计吨钢消耗 （m³/t） | O19: =L19/L10 -> 0.019877778
J20: 原料打包带(น้ำหนักสายรัดวัตถุ) PK | N20: 焊接切除废料(เศษวัสดุหลังการเชื่อม)PK
B21: 6:15-6:21调试自动焊机！ | H21: 6 | I21: =ROUND(H21/60,1) -> 0.1 | J21: 当日（kg） | L21: 330 | N21: 当日（kg） | O21: 430
J22: 合计（kg） | L22: =L21+'07-05-26'!L22:M22 -> 2450 | N22: 合计（kg） | O22: =O21+'07-05-26'!O22 -> 2790
J23: 切头切尾 (scapหัว-ท้าย) | N23: 工艺段及活套废料 (เศษวัสดุจากกระบวนการผลิต)
J24: 当日（kg） | L24: 230 | N24: 当日（kg）
J25: 合计（kg） | L25: =L24+'07-05-26'!L25:M25 -> 1381 | N25: 合计（kg）
J26: 酸洗天然气( แก๊ส PK)
J27: 当日（Nm3） | L27: 1525 | N27: 当日吨钢消耗 （Nm3/t） | O27: =L27/L9 -> 3.040841
J28: 合计（Nm3） | L28: =L27+'07-05-26'!L28:M28 -> 10754 | N28: 合计吨钢消耗 （Nm3/t） | O28: =L28/L10 -> 3.1905318
J29: 缓蚀剂 (Actived 1803 )
J30: 当日（L） | L30: 30
J31: 合计(L) | L31: =L30+'07-05-26'!L31:O31 -> 201
J32: 轧机电耗 (ไฟฟ้า) CRL
I33: =ROUND(I16+I17+I19+I22+I23+I25+I27+I29+I31,1) -> 0.3 | J33: 当日（kwh） | L33: 19692 | N33: 当日吨钢消耗 （kwh/t） | O33: =L33/O9 -> 39.575227
J34: 合计（kwh） | L34: =L33+'07-05-26'!L34:M34 -> 139630 | N34: 合计吨钢消耗 （kwh/t） | O34: =L34/O10 -> 41.7911
A35: 质量概述 QC | B35: B级品：1卷原料边裂！ | J35: 轧机废料 (เศษวัสดุจากเครื่องรีด) | N35: 成材率 (อัตราการผลิต)
J36: 断带废ของเสียจากสายพานขาด（kg） | L36: 0 | M36: =L36+'07-05-26'!M36 -> 1489 | N36: =L36/1000/L9 -> 0 | O36: =M36/1000/L10 -> 0.00044176137
J37: 调整废（kg）ของเสียจากการปรับตั้ง | L37: 102 | M37: =L37+'07-05-26'!M37 -> 1427 | N37: =L37/1000/L9 -> 0.0002033874 | O37: =M37/1000/L10 -> 0.00042336701
J38: 孔洞、边裂（kg）ของเสียจากขอบแตก | L38: 158 | M38: =L38+'07-05-26'!M38 -> 1515 | N38: =L38/1000/L9 -> 0.00031505107 | O38: =M38/1000/L10 -> 0.00044947514
J39: 当日（kg） | L39: =L36+L37+L38 -> 260 | N39: 当日（%） | O39: =O9/L9 -> 0.99217956
J40: 合计（kg） | L40: =L39+'07-05-26'!L40:M40 -> 4431 | N40: 合计（%） | O40: =(O10)/(L10-L22/1000) -> 0.99198194
J41: 轧制油 (Coolant)
A42: 备注 หมายเหตุ | J42: 当日（kg） | L42: 60 | N42: 当日吨钢消耗 （kg/t） | O42: =L42/O9 -> 0.12058266
J43: 合计（kg） | L43: =L42+'07-05-26'!L43:M43 -> 680 | N43: 合计吨钢消耗 （kg/t） | O43: =L43/O10 -> 0.20352323
J44: 日历时间 time | N44: 实际作业时间 เวลาจริง
J45: 当日（h） | L45: 11 | N45: 当日（h） | O45: =11-I33 -> 10.7
J46: 合计（h） | L46: =L45+'07-05-26'!L46:M46 -> 77 | N46: 合计（h） | O46: =ROUND(L46-I33-'01-05-26'!I33-'02-05-26'!I33-'03-05-26'!I33-'04-05-26'!I33-'05-05-26'!I33-'06-05-26'!I33-'07-05-26'!I33,1) -> 71.6
A48: Issued : …..................................................... Approved : …..............................................................

Sheet 09-05-26
A1: 酸轧线生产运行记录总表 สรุปการผลิต PK CRL Line
M2: 日期 (Date)
A3: 生产数据记录 บันทึกข้อมูลการผลิต | B3: 序号 Item | C3: 生产订单 Production Order | D3: 原料规格 size of material | E3: 原料重量 Weight of material（t） | F3: 原料卷数PK（coil） | G3: 成品规格 Description product | H3: 成品重量 weight of product (t) | I3: 成品卷数 CRL（coil） | J3: 各项指标及能源消耗 (ตัวชี้วัดและการใช้พลังงาน)
B5: 1 | C5: 138100000546 | D5: HRC 3.00 x 434 SPHC | E5: 173182 | F5: 33 | G5: CRC 1.30 x 434 SPCC | H5: 171794 | I5: 33 | J5: B级品 (เกรด B) | N5: 一级品率 (เกรด A)
B6: 2 | C6: 138100000545 | D6: HRC 4.00 x 434 SPHC | E6: 26265 | F6: 5 | G6: CRC 1.30 x 434 SPCC | H6: 26030 | I6: 5 | J6: 当日 /วัน（T） | L6: 5.114 | N6: 当日/ วัน（%） | O6: =(O9-L6)/O9 -> 0.99020858
B7: 3 | C7: 138100000547 | D7: HRC 3.50 x 433 SPHC | E7: 52600 | F7: 10 | G7: CRC 1.30 x 433 SPCC | H7: 52212 | I7: 10 | J7: 合计/ทั้งหมด（T） | L7: =L6+'08-05-26'!L7:M7 -> 126.63 | N7: 合计/ ทั้งหมด（%） | O7: =(O10-L7)/O10 -> 0.96722348
B8: 4 | C8: 138100000562 | D8: HRC 3.50 x 478 SPHC | E8: 114131 | F8: 20 | G8: CRC 1.30 x 478 SPCC | H8: 113068 | I8: 20 | J8: 原料重量 (น้ำหนักวัตถุดิบ) PK | N8: 成品重量 (น้ำหนักวัตถุดิบ) CRL
B9: 5 | C9: 138100000563 | D9: HRC 4.00 x 478 SPHC | E9: 5750 | F9: 1 | G9: CRC 1.30 x 478 SPCC | H9: 5710 | I9: 1 | J9: 当日（t） | L9: 526.704 | N9: 当日（t） | O9: 522.294
B10: 6 | C10: 138100000575 | D10: HRC 4.00 x 475 SPHC | E10: 103182 | F10: 18 | G10: CRC 1.30 x 475 SPCC | H10: 102356 | I10: 18 | J10: 合计（t） | L10: =L9+'08-05-26'!L10:M10 -> 3897.302 | N10: 合计（t） | O10: =O9+'08-05-26'!O10 -> 3863.436
B11: 7 | C11: 138100000573 | D11: HRC 3.00 x 437 SPHC | E11: 5239 | F11: 1 | G11: CRC 1.30 x 437 SPCC | H11: 5158 | I11: 1 | J11: 机时产量(อัตราการผลิต/1ชั่วโมง) | N11: 有效作业率 (อัตราการทำงาน)
B12: 8 | C12: 138100000549 | D12: HRC 2.22 x 426 SPHC | E12: 46355 | F12: 9 | G12: CRC 1.11 x 426 SPCC | H12: 45966 | I12: 9 | J12: 当日（t/h） | L12: =O9/(11-I33) -> 49.742286 | N12: 当日 （%） | O12: =(11-I33)/11 -> 0.95454545
J13: 合计（t/h） | L13: =O10/O46 -> 47.057686 | N13: 合计（%） | O13: =O46/L46 -> 0.93295455
J14: 酸洗电耗 ( ไฟฟ้า) PK
A15: 停机记录 บันทึกการหยุดเครื่อง | B15: 22:54-22:59辊印更换F2工作辊！ | H15: 分钟 | I15: 小时 | J15: 当日（kwh） | L15: 3407 | N15: 当日吨钢消耗 （kwh/t） | O15: =L15/L9 -> 6.4685288
H16: 5 | I16: =ROUND(H16/60,1) -> 0.1 | J16: 合计（kwh） | L16: =L15+'08-05-26'!L16:M16 -> 26076 | N16: 合计吨钢消耗 （kwh/t） | O16: =L16/L10 -> 6.6907825
B17: 23:33-23:40自动焊机调试！ | H17: 7 | I17: =ROUND(H17/60,1) -> 0.1 | J17: 盐酸 (HCL)
J18: 当日（m³） | L18: 10 | N18: 当日吨钢消耗 （m³/t） | O18: =L18/L9 -> 0.018985996
B19: 3:07-3:17窄带改宽带更换F1.2.3工作辊！ | H19: 10 | I19: =ROUND(H19/60,1) -> 0.2 | J19: 合计（m³） | L19: =L18+'08-05-26'!L19:M19 -> 77 | N19: 合计吨钢消耗 （m³/t） | O19: =L19/L10 -> 0.019757258
J20: 原料打包带(น้ำหนักสายรัดวัตถุ) PK | N20: 焊接切除废料(เศษวัสดุหลังการเชื่อม)PK
B21: 3:22-3:29窄带改宽带更换F4工作辊！ | H21: 7 | I21: =ROUND(H21/60,1) -> 0.1 | J21: 当日（kg） | L21: 350 | N21: 当日（kg） | O21: 422
J22: 合计（kg） | L22: =L21+'08-05-26'!L22:M22 -> 2800 | N22: 合计（kg） | O22: =O21+'08-05-26'!O22 -> 3212
B23: 6:52-7:00自动焊机调试！ | H23: 8 | I23: =ROUND(H23/60,1) -> 0.1 | J23: 切头切尾 (scapหัว-ท้าย) | N23: 工艺段及活套废料 (เศษวัสดุจากกระบวนการผลิต)
J24: 当日（kg） | L24: 198 | N24: 当日（kg）
J25: 合计（kg） | L25: =L24+'08-05-26'!L25:M25 -> 1579 | N25: 合计（kg）
J26: 酸洗天然气( แก๊ส PK)
J27: 当日（Nm3） | L27: 1415 | N27: 当日吨钢消耗 （Nm3/t） | O27: =L27/L9 -> 2.6865184
J28: 合计（Nm3） | L28: =L27+'08-05-26'!L28:M28 -> 12169 | N28: 合计吨钢消耗 （Nm3/t） | O28: =L28/L10 -> 3.1224165
J29: 缓蚀剂 (Actived 1803 )
J30: 当日（L） | L30: 30
J31: 合计(L) | L31: =L30+'08-05-26'!L31:O31 -> 231
J32: 轧机电耗 (ไฟฟ้า) CRL
I33: =ROUND(I16+I17+I19+I22+I23+I25+I27+I29+I31,1) -> 0.5 | J33: 当日（kwh） | L33: 22088 | N33: 当日吨钢消耗 （kwh/t） | O33: =L33/O9 -> 42.290358
J34: 合计（kwh） | L34: =L33+'08-05-26'!L34:M34 -> 161718 | N34: 合计吨钢消耗 （kwh/t） | O34: =L34/O10 -> 41.858594
A35: 质量概述 QC | B35: B级品：1卷原料边裂！ | J35: 轧机废料 (เศษวัสดุจากเครื่องรีด) | N35: 成材率 (อัตราการผลิต)
J36: 断带废ของเสียจากสายพานขาด（kg） | L36: 96 | M36: =L36+'08-05-26'!M36 -> 1585 | N36: =L36/1000/L9 -> 0.00018226556 | O36: =M36/1000/L10 -> 0.0004066916
J37: 调整废（kg）ของเสียจากการปรับตั้ง | L37: 210 | M37: =L37+'08-05-26'!M37 -> 1637 | N37: =L37/1000/L9 -> 0.00039870591 | O37: =M37/1000/L10 -> 0.00042003417
J38: 孔洞、边裂（kg）ของเสียจากขอบแตก | L38: 170 | M38: =L38+'08-05-26'!M38 -> 1685 | N38: =L38/1000/L9 -> 0.00032276193 | O38: =M38/1000/L10 -> 0.00043235038
J39: 当日（kg） | L39: =L36+L37+L38 -> 476 | N39: 当日（%） | O39: =O9/L9 -> 0.99162718
J40: 合计（kg） | L40: =L39+'08-05-26'!L40:M40 -> 4907 | N40: 合计（%） | O40: =(O10)/(L10-L22/1000) -> 0.99202311
J41: 轧制油 (Coolant)
A42: 备注 หมายเหตุ | J42: 当日（kg） | L42: 0 | N42: 当日吨钢消耗 （kg/t） | O42: =L42/O9 -> 0
J43: 合计（kg） | L43: =L42+'08-05-26'!L43:M43 -> 680 | N43: 合计吨钢消耗 （kg/t） | O43: =L43/O10 -> 0.17600913
J44: 日历时间 time | N44: 实际作业时间 เวลาจริง
J45: 当日（h） | L45: 11 | N45: 当日（h） | O45: =11-I33 -> 10.5
J46: 合计（h） | L46: =L45+'08-05-26'!L46:M46 -> 88 | N46: 合计（h） | O46: =ROUND(L46-I33-'01-05-26'!I33-'02-05-26'!I33-'03-05-26'!I33-'04-05-26'!I33-'05-05-26'!I33-'06-05-26'!I33-'07-05-26'!I33-'08-05-26'!I33,1) -> 82.1
A48: Issued : …..................................................... Approved : …..............................................................

Sheet 10-05-26 
A1: 酸轧线生产运行记录总表 สรุปการผลิต PK CRL Line
M2: 日期 (Date)
A3: 生产数据记录 บันทึกข้อมูลการผลิต | B3: 序号 Item | C3: 生产订单 Production Order | D3: 原料规格 size of material | E3: 原料重量 Weight of material（t） | F3: 原料卷数PK（coil） | G3: 成品规格 Description product | H3: 成品重量 weight of product (t) | I3: 成品卷数 CRL（coil） | J3: 各项指标及能源消耗 (ตัวชี้วัดและการใช้พลังงาน)
B5: 1 | C5: 138100000549 | D5: HRC 2.22 x 426 SPHC | E5: 305884 | F5: 60 | G5: CRC 1.11 x 426 SPCC | H5: 302912 | I5: 60 | J5: B级品 (เกรด B) | N5: 一级品率 (เกรด A)
B6: 2 | C6: 138100000519 | D6: HRC 3.00 x 389 SPHC | E6: 4718 | F6: 1 | G6: CRC 1.11 x 388 SPCC | H6: 4522 | I6: 1 | J6: 当日 /วัน（T） | L6: 19.258 | N6: 当日/ วัน（%） | O6: =(O9-L6)/O9 -> 0.95167911
B7: 3 | C7: 138100000574 | D7: HRC 3.50 x 388 SPHC | E7: 27623 | F7: 6 | G7: CRC 1.11 x 388 SPCC | H7: 27346 | I7: 6 | J7: 合计/ทั้งหมด（T） | L7: =L6+'09-05-26'!L7:M7 -> 145.888 | N7: 合计/ ทั้งหมด（%） | O7: =(O10-L7)/O10 -> 0.9657699
B8: 4 | C8: 138100000521 | D8: HRC 3.50 x 388 SPHC | E8: 64337 | F8: 14 | G8: CRC 1.30 x 388 SPCC | H8: 63764 | I8: 14 | J8: 原料重量 (น้ำหนักวัตถุดิบ) PK | N8: 成品重量 (น้ำหนักวัตถุดิบ) CRL
J9: 当日（t） | L9: 402.562 | N9: 当日（t） | O9: 398.544
J10: 合计（t） | L10: =L9+'09-05-26'!L10:M10 -> 4299.864 | N10: 合计（t） | O10: =O9+'09-05-26'!O10 -> 4261.98
J11: 机时产量(อัตราการผลิต/1ชั่วโมง) | N11: 有效作业率 (อัตราการทำงาน)
J12: 当日（t/h） | L12: =O9/(11-I33) -> 38.321538 | N12: 当日 （%） | O12: =(11-I33)/11 -> 0.94545455
J13: 合计（t/h） | L13: =O10/O46 -> 46.075459 | N13: 合计（%） | O13: =O46/L46 -> 0.93434343
J14: 酸洗电耗 ( ไฟฟ้า) PK
A15: 停机记录 บันทึกการหยุดเครื่อง | B15: 23:17-23:29焊接头开裂！ | H15: 分钟 | I15: 小时 | J15: 当日（kwh） | L15: 3265 | N15: 当日吨钢消耗 （kwh/t） | O15: =L15/L9 -> 8.1105519
H16: 12 | I16: =ROUND(H16/60,1) -> 0.2 | J16: 合计（kwh） | L16: =L15+'09-05-26'!L16:M16 -> 29341 | N16: 合计吨钢消耗 （kwh/t） | O16: =L16/L10 -> 6.8237042
B17: 23:35-23:41辊印更换F4工作辊！ | H17: 6 | I17: =ROUND(H17/60,1) -> 0.1 | J17: 盐酸 (HCL)
J18: 当日（m³） | L18: 9 | N18: 当日吨钢消耗 （m³/t） | O18: =L18/L9 -> 0.022356805
B19: 0:51-0:57自动焊机调试！ | H19: 6 | I19: =ROUND(H19/60,1) -> 0.1 | J19: 合计（m³） | L19: =L18+'09-05-26'!L19:M19 -> 86 | N19: 合计吨钢消耗 （m³/t） | O19: =L19/L10 -> 0.020000633
J20: 原料打包带(น้ำหนักสายรัดวัตถุ) PK | N20: 焊接切除废料(เศษวัสดุหลังการเชื่อม)PK
B21: 5:32-5:44轧制426*2.22原料时由于前期停机料二次酸洗，原料薄1.8导致F1入口断带！ | H21: 12 | I21: =ROUND(H21/60,1) -> 0.2 | J21: 当日（kg） | L21: 288 | N21: 当日（kg） | O21: 270
J22: 合计（kg） | L22: =L21+'09-05-26'!L22:M22 -> 3088 | N22: 合计（kg） | O22: =O21+'09-05-26'!O22 -> 3482
B23: 6:28-6:39改料带尾裂口断F2出口，更换F3工作辊！ | H23: 11 | I23: =ROUND(H23/60,1) -> 0.2 | J23: 切头切尾 (scapหัว-ท้าย) | N23: 工艺段及活套废料 (เศษวัสดุจากกระบวนการผลิต)
J24: 当日（kg） | L24: 120 | N24: 当日（kg）
J25: 合计（kg） | L25: =L24+'09-05-26'!L25:M25 -> 1699 | N25: 合计（kg）
J26: 酸洗天然气( แก๊ส PK)
J27: 当日（Nm3） | L27: 1372 | N27: 当日吨钢消耗 （Nm3/t） | O27: =L27/L9 -> 3.4081707
J28: 合计（Nm3） | L28: =L27+'09-05-26'!L28:M28 -> 13541 | N28: 合计吨钢消耗 （Nm3/t） | O28: =L28/L10 -> 3.1491694
J29: 缓蚀剂 (Actived 1803 )
J30: 当日（L） | L30: 27
J31: 合计(L) | L31: =L30+'09-05-26'!L31:O31 -> 258
J32: 轧机电耗 (ไฟฟ้า) CRL
I33: =ROUND(I16+I17+I19+I22+I23+I25+I27+I29+I31,1) -> 0.6 | J33: 当日（kwh） | L33: 16870 | N33: 当日吨钢消耗 （kwh/t） | O33: =L33/O9 -> 42.329078
J34: 合计（kwh） | L34: =L33+'09-05-26'!L34:M34 -> 178588 | N34: 合计吨钢消耗 （kwh/t） | O34: =L34/O10 -> 41.90259
A35: 质量概述 QC | B35: B级品：6卷，4个小卷，2个大卷！ | J35: 轧机废料 (เศษวัสดุจากเครื่องรีด) | N35: 成材率 (อัตราการผลิต)
J36: 断带废ของเสียจากสายพานขาด（kg） | L36: 330 | M36: =L36+'09-05-26'!M36 -> 1915 | N36: =L36/1000/L9 -> 0.0008197495 | O36: =M36/1000/L10 -> 0.00044536292
J37: 调整废（kg）ของเสียจากการปรับตั้ง | L37: 185 | M37: =L37+'09-05-26'!M37 -> 1822 | N37: =L37/1000/L9 -> 0.00045955654 | O37: =M37/1000/L10 -> 0.00042373433
J38: 孔洞、边裂（kg）ของเสียจากขอบแตก | L38: 369 | M38: =L38+'09-05-26'!M38 -> 2054 | N38: =L38/1000/L9 -> 0.00091662899 | O38: =M38/1000/L10 -> 0.00047768953
J39: 当日（kg） | L39: =L36+L37+L38 -> 884 | N39: 当日（%） | O39: =O9/L9 -> 0.99001893
J40: 合计（kg） | L40: =L39+'09-05-26'!L40:M40 -> 5791 | N40: 合计（%） | O40: =(O10)/(L10-L22/1000) -> 0.99190184
J41: 轧制油 (Coolant)
A42: 备注 หมายเหตุ | B42: 备注：2个大卷规格为426*2.22分为4个小卷，一卷分包为2个小卷原因为停产期间检修设备剪断，另一卷为停机期间在酸槽停留过久生锈洗不干净，四个小卷料质检判B级处理！ | J42: 当日（kg） | L42: 0 | N42: 当日吨钢消耗 （kg/t） | O42: =L42/O9 -> 0
J43: 合计（kg） | L43: =L42+'09-05-26'!L43:M43 -> 680 | N43: 合计吨钢消耗 （kg/t） | O43: =L43/O10 -> 0.15955026
J44: 日历时间 time | N44: 实际作业时间 เวลาจริง
J45: 当日（h） | L45: 11 | N45: 当日（h） | O45: =11-I33 -> 10.4
J46: 合计（h） | L46: =L45+'09-05-26'!L46:M46 -> 99 | N46: 合计（h） | O46: =ROUND(L46-I33-'01-05-26'!I33-'02-05-26'!I33-'03-05-26'!I33-'04-05-26'!I33-'05-05-26'!I33-'06-05-26'!I33-'07-05-26'!I33-'08-05-26'!I33-'09-05-26'!I33,1) -> 92.5
A48: Issued : …..................................................... Approved : …..............................................................

Sheet 11-05-26
A1: 酸轧线生产运行记录总表 สรุปการผลิต PK CRL Line
M2: 日期 (Date)
A3: 生产数据记录 บันทึกข้อมูลการผลิต | B3: 序号 Item | C3: 生产订单 Production Order | D3: 原料规格 size of material | E3: 原料重量 Weight of material（t） | F3: 原料卷数PK（coil） | G3: 成品规格 Description product | H3: 成品重量 weight of product (t) | I3: 成品卷数 CRL（coil） | J3: 各项指标及能源消耗 (ตัวชี้วัดและการใช้พลังงาน)
B5: 1 | C5: 138100000521 | D5: HRC 3.50 x 388 SPHC | E5: 137672 | F5: 30 | G5: CRC 1.30 x 388 SPCC | H5: 136728 | I5: 30 | J5: B级品 (เกรด B) | N5: 一级品率 (เกรด A)
B6: 2 | C6: 138100000567 | D6: HRC 4.00 x 388 SS400 | E6: 31111 | F6: 7 | G6: CRC 1.30 x 388 SPCC | H6: 30374 | I6: 7 | J6: 当日 /วัน（T） | L6: 4.364 | N6: 当日/ วัน（%） | O6: =(O9-L6)/O9 -> 0.99111838
B7: 3 | C7: 138100000564 | D7: HRC 4.00 x 390 SPHC | E7: 36794 | F7: 8 | G7: CRC 1.30 x 390 SPCC | H7: 36446 | I7: 8 | J7: 合计/ทั้งหมด（T） | L7: =L6+'10-05-26 '!L7:M7 -> 150.252 | N7: 合计/ ทั้งหมด（%） | O7: =(O10-L7)/O10 -> 0.96839017
B8: 4 | C8: 138100000569 | D8: HRC 3.50 x 387 SPHC | E8: 63152 | F8: 14 | G8: CRC 1.30 x 387 SPCC | H8: 62616 | I8: 14 | J8: 原料重量 (น้ำหนักวัตถุดิบ) PK | N8: 成品重量 (น้ำหนักวัตถุดิบ) CRL
B9: 5 | C9: 138100000570 | D9: HRC 3.50 x 435 SPHC | E9: 84359 | F9: 16 | G9: CRC 1.11 x 435 SPCC | H9: 83686 | I9: 16 | J9: 当日（t） | L9: 495.699 | N9: 当日（t） | O9: 491.352
B10: 6 | C10: 138100000535 | D10: HRC 3.50 x 435 SPHC | E10: 142611 | F10: 27 | G10: CRC 1.48 x 435 SPCC | H10: 141502 | I10: 27 | J10: 合计（t） | L10: =L9+'10-05-26 '!L10:M10 -> 4795.563 | N10: 合计（t） | O10: =O9+'10-05-26 '!O10 -> 4753.332
J11: 机时产量(อัตราการผลิต/1ชั่วโมง) | N11: 有效作业率 (อัตราการทำงาน)
J12: 当日（t/h） | L12: =O9/(11-I33) -> 47.704078 | N12: 当日 （%） | O12: =(11-I33)/11 -> 0.93636364
J13: 合计（t/h） | L13: =O10/O46 -> 46.238638 | N13: 合计（%） | O13: =O46/L46 -> 0.93454545
J14: 酸洗电耗 ( ไฟฟ้า) PK
A15: 停机记录 บันทึกการหยุดเครื่อง | B15: 1:12-1:28辊印更换F1F2工作辊！ | H15: 分钟 | I15: 小时 | J15: 当日（kwh） | L15: 3543 | N15: 当日吨钢消耗 （kwh/t） | O15: =L15/L9 -> 7.1474826
H16: 16 | I16: =ROUND(H16/60,1) -> 0.3 | J16: 合计（kwh） | L16: =L15+'10-05-26 '!L16:M16 -> 32884 | N16: 合计吨钢消耗 （kwh/t） | O16: =L16/L10 -> 6.8571719
B17: 2:06-2:12辊印更换F4工作辊！ | H17: 6 | I17: =ROUND(H17/60,1) -> 0.1 | J17: 盐酸 (HCL)
J18: 当日（m³） | L18: 9 | N18: 当日吨钢消耗 （m³/t） | O18: =L18/L9 -> 0.018156179
B19: 4:10-4:28窄带改宽带换F1F2F3F4工作辊！ | H19: 18 | I19: =ROUND(H19/60,1) -> 0.3 | J19: 合计（m³） | L19: =L18+'10-05-26 '!L19:M19 -> 95 | N19: 合计吨钢消耗 （m³/t） | O19: =L19/L10 -> 0.019809979
J20: 原料打包带(น้ำหนักสายรัดวัตถุ) PK | N20: 焊接切除废料(เศษวัสดุหลังการเชื่อม)PK
B21: 6:39-6:43自动焊机调试！ | H21: 4 | I21: =ROUND(H21/60,1) -> 0.1 | J21: 当日（kg） | L21: 398 | N21: 当日（kg） | O21: 234
J22: 合计（kg） | L22: =L21+'10-05-26 '!L22:M22 -> 3486 | N22: 合计（kg） | O22: =O21+'10-05-26 '!O22 -> 3716
J23: 切头切尾 (scapหัว-ท้าย) | N23: 工艺段及活套废料 (เศษวัสดุจากกระบวนการผลิต)
J24: 当日（kg） | L24: 234 | N24: 当日（kg）
J25: 合计（kg） | L25: =L24+'09-05-26'!L25:M25 -> 1813 | N25: 合计（kg）
J26: 酸洗天然气( แก๊ส PK)
J27: 当日（Nm3） | L27: 1295 | N27: 当日吨钢消耗 （Nm3/t） | O27: =L27/L9 -> 2.6124725
J28: 合计（Nm3） | L28: =L27+'10-05-26 '!L28:M28 -> 14836 | N28: 合计吨钢消耗 （Nm3/t） | O28: =L28/L10 -> 3.0936931
J29: 缓蚀剂 (Actived 1803 )
J30: 当日（L） | L30: 27
J31: 合计(L) | L31: =L30+'10-05-26 '!L31:O31 -> 285
J32: 轧机电耗 (ไฟฟ้า) CRL
I33: =ROUND(I16+I17+I19+I22+I23+I25+I27+I29+I31,1) -> 0.7 | J33: 当日（kwh） | L33: 22232 | N33: 当日吨钢消耗 （kwh/t） | O33: =L33/O9 -> 45.246585
J34: 合计（kwh） | L34: =L33+'10-05-26 '!L34:M34 -> 200820 | N34: 合计吨钢消耗 （kwh/t） | O34: =L34/O10 -> 42.248259
A35: 质量概述 QC | B35: B级品：原料边裂1卷 | J35: 轧机废料 (เศษวัสดุจากเครื่องรีด) | N35: 成材率 (อัตราการผลิต)
J36: 断带废ของเสียจากสายพานขาด（kg） | L36: 108 | M36: =L36+'10-05-26 '!M36 -> 2023 | N36: =L36/1000/L9 -> 0.00021787415 | O36: =M36/1000/L10 -> 0.00042184828
J37: 调整废（kg）ของเสียจากการปรับตั้ง | L37: 356 | M37: =L37+'10-05-26 '!M37 -> 2178 | N37: =L37/1000/L9 -> 0.00071817777 | O37: =M37/1000/L10 -> 0.00045416982
J38: 孔洞、边裂（kg）ของเสียจากขอบแตก | L38: 330 | M38: =L38+'10-05-26 '!M38 -> 2384 | N38: =L38/1000/L9 -> 0.00066572658 | O38: =M38/1000/L10 -> 0.0004971262
J39: 当日（kg） | L39: =L36+L37+L38 -> 794 | N39: 当日（%） | O39: =O9/L9 -> 0.99123057
J40: 合计（kg） | L40: =L39+'10-05-26 '!L40:M40 -> 6585 | N40: 合计（%） | O40: =(O10)/(L10-L22/1000) -> 0.99191478
J41: 轧制油 (Coolant)
A42: 备注 หมายเหตุ | J42: 当日（kg） | L42: 0 | N42: 当日吨钢消耗 （kg/t） | O42: =L42/O9 -> 0
J43: 合计（kg） | L43: =L42+'10-05-26 '!L43:M43 -> 680 | N43: 合计吨钢消耗 （kg/t） | O43: =L43/O10 -> 0.14305754
J44: 日历时间 time | N44: 实际作业时间 เวลาจริง
J45: 当日（h） | L45: 11 | N45: 当日（h） | O45: =11-I33 -> 10.3
J46: 合计（h） | L46: =L45+'10-05-26 '!L46:M46 -> 110 | N46: 合计（h） | O46: =ROUND(L46-I33-'01-05-26'!I33-'02-05-26'!I33-'03-05-26'!I33-'04-05-26'!I33-'05-05-26'!I33-'06-05-26'!I33-'07-05-26'!I33-'08-05-26'!I33-'09-05-26'!I33-'10-05-26 '!I33,1) -> 102.8
A48: Issued : …..................................................... Approved : …..............................................................

Sheet 12-05-26 
A1: 酸轧线生产运行记录总表 สรุปการผลิต PK CRL Line
M2: 日期 (Date)
A3: 生产数据记录 บันทึกข้อมูลการผลิต | B3: 序号 Item | C3: 生产订单 Production Order | D3: 原料规格 size of material | E3: 原料重量 Weight of material（t） | F3: 原料卷数PK（coil） | G3: 成品规格 Description product | H3: 成品重量 weight of product (t) | I3: 成品卷数 CRL（coil） | J3: 各项指标及能源消耗 (ตัวชี้วัดและการใช้พลังงาน)
B5: 1 | C5: 138100000535 | D5: HRC 3.50 x 435 SPHC | E5: 58002 | F5: 11 | G5: CRC 1.48 x 435 SPCC | H5: 57540 | I5: 11 | J5: B级品 (เกรด B) | N5: 一级品率 (เกรด A)
B6: 2 | C6: 138100000560 | D6: HRC 3.50 x 422 SPHC | E6: 5184 | F6: 1 | G6: CRC 1.48 x 422 SPCC | H6: 4906 | I6: 1 | J6: 当日 /วัน（T） | L6: 0 | N6: 当日/ วัน（%） | O6: =(O9-L6)/O9 -> 1
B7: 3 | C7: 138100000565 | D7: HRC 4.20 x 476 SPHC | E7: 5730 | F7: 1 | G7: CRC 1.84 x 472 SPCC | H7: 5662 | I7: 1 | J7: 合计/ทั้งหมด（T） | L7: =L6+'11-05-26'!L7:M7 -> 150.252 | N7: 合计/ ทั้งหมด（%） | O7: =(O10-L7)/O10 -> 0.97156097
B8: 4 | C8: 138100000566 | D8: HRC 4.50 x 472 SPHC | E8: 113298 | F8: 20 | G8: CRC 1.84 x 472 SPCC | H8: 112426 | I8: 20 | J8: 原料重量 (น้ำหนักวัตถุดิบ) PK | N8: 成品重量 (น้ำหนักวัตถุดิบ) CRL
B9: 5 | C9: 138100000552 | D9: HRC 4.50 x 457 SPHC | E9: 102987 | F9: 19 | G9: CRC 2.10 x 457 SPCC | H9: 101650 | I9: 19 | J9: 当日（t） | L9: 534.934 | N9: 当日（t） | O9: 529.97
B10: 6 | C10: 138100000553 | D10: HRC 4.50 x 443 SPHC | E10: 89275 | F10: 17 | G10: CRC 2.10 x 443 SPCC | H10: 88580 | I10: 17 | J10: 合计（t） | L10: =L9+'11-05-26'!L10:M10 -> 5330.497 | N10: 合计（t） | O10: =O9+'11-05-26'!O10 -> 5283.302
B11: 7 | C11: 138100000572 | D11: HRC 4.50 x 422 SPHC | E11: 160458 | F11: 32 | G11: CRC 1.84 x 422 SPCC | H11: 159206 | I11: 32 | J11: 机时产量(อัตราการผลิต/1ชั่วโมง) | N11: 有效作业率 (อัตราการทำงาน)
J12: 当日（t/h） | L12: =O9/(11-I33) -> 52.997 | N12: 当日 （%） | O12: =(11-I33)/11 -> 0.90909091
J13: 合计（t/h） | L13: =O10/O46 -> 46.837784 | N13: 合计（%） | O13: =O46/L46 -> 0.9322314
J14: 酸洗电耗 ( ไฟฟ้า) PK
A15: 停机记录 บันทึกการหยุดเครื่อง | B15: 23:00-23:20窄带改宽带换F1.F2.F3.F4工作辊！ | H15: 分钟 | I15: 小时 | J15: 当日（kwh） | L15: 3717 | N15: 当日吨钢消耗 （kwh/t） | O15: =L15/L9 -> 6.9485208
H16: 20 | I16: =ROUND(H16/60,1) -> 0.3 | J16: 合计（kwh） | L16: =L15+'11-05-26'!L16:M16 -> 36601 | N16: 合计吨钢消耗 （kwh/t） | O16: =L16/L10 -> 6.8663391
B17: 0:13-0:19自动焊机调试！ | H17: 6 | I17: =ROUND(H17/60,1) -> 0.1 | J17: 盐酸 (HCL)
J18: 当日（m³） | L18: 10 | N18: 当日吨钢消耗 （m³/t） | O18: =L18/L9 -> 0.018693895
B19: 2:40-3:05原料镰刀弯F1入口断带！ | H19: 25 | I19: =ROUND(H19/60,1) -> 0.4 | J19: 合计（m³） | L19: =L18+'11-05-26'!L19:M19 -> 105 | N19: 合计吨钢消耗 （m³/t） | O19: =L19/L10 -> 0.019697976
J20: 原料打包带(น้ำหนักสายรัดวัตถุ) PK | N20: 焊接切除废料(เศษวัสดุหลังการเชื่อม)PK
B21: 3:12-3:27原料镰刀弯F1出口断带！ | H21: 15 | I21: =ROUND(H21/60,1) -> 0.3 | J21: 当日（kg） | L21: 354 | N21: 当日（kg） | O21: 520
J22: 合计（kg） | L22: =L21+'11-05-26'!L22:M22 -> 3840 | N22: 合计（kg） | O22: =O21+'11-05-26'!O22 -> 4236
B23: 3:37-3:45辊印更换F1.F3工作辊！ | H23: 8 | I23: =ROUND(H23/60,1) -> 0.1 | J23: 切头切尾 (scapหัว-ท้าย) | N23: 工艺段及活套废料 (เศษวัสดุจากกระบวนการผลิต)
J24: 当日（kg） | L24: 322 | N24: 当日（kg）
B25: 5:55-6:00自动焊机二次焊机！ | H25: 5 | I25: =ROUND(H25/60,1) -> 0.1 | J25: 合计（kg） | L25: =L24+'11-05-26'!L25:M25 -> 2135 | N25: 合计（kg）
J26: 酸洗天然气( แก๊ส PK)
J27: 当日（Nm3） | L27: 1369 | N27: 当日吨钢消耗 （Nm3/t） | O27: =L27/L9 -> 2.5591942
J28: 合计（Nm3） | L28: =L27+'11-05-26'!L28:M28 -> 16205 | N28: 合计吨钢消耗 （Nm3/t） | O28: =L28/L10 -> 3.0400542
J29: 缓蚀剂 (Actived 1803 )
J30: 当日（L） | L30: 30
J31: 合计(L) | L31: =L30+'11-05-26'!L31:O31 -> 315
J32: 轧机电耗 (ไฟฟ้า) CRL
I33: =ROUND(I16+I17+I19+I22+I23+I25+I27+I29+I31,1) -> 1 | J33: 当日（kwh） | L33: 20494 | N33: 当日吨钢消耗 （kwh/t） | O33: =L33/O9 -> 38.670113
J34: 合计（kwh） | L34: =L33+'11-05-26'!L34:M34 -> 221314 | N34: 合计吨钢消耗 （kwh/t） | O34: =L34/O10 -> 41.889334
A35: 质量概述 QC | J35: 轧机废料 (เศษวัสดุจากเครื่องรีด) | N35: 成材率 (อัตราการผลิต)
J36: 断带废ของเสียจากสายพานขาด（kg） | L36: 102 | M36: =L36+'11-05-26'!M36 -> 2125 | N36: =L36/1000/L9 -> 0.00019067773 | O36: =M36/1000/L10 -> 0.00039864951
J37: 调整废（kg）ของเสียจากการปรับตั้ง | L37: 142 | M37: =L37+'11-05-26'!M37 -> 2320 | N37: =L37/1000/L9 -> 0.00026545331 | O37: =M37/1000/L10 -> 0.00043523146
J38: 孔洞、边裂（kg）ของเสียจากขอบแตก | L38: 245 | M38: =L38+'11-05-26'!M38 -> 2629 | N38: =L38/1000/L9 -> 0.00045800043 | O38: =M38/1000/L10 -> 0.00049319979
J39: 当日（kg） | L39: =L36+L37+L38 -> 489 | N39: 当日（%） | O39: =O9/L9 -> 0.99072035
J40: 合计（kg） | L40: =L39+'11-05-26'!L40:M40 -> 7074 | N40: 合计（%） | O40: =(O10)/(L10-L22/1000) -> 0.99186075
J41: 轧制油 (Coolant)
A42: 备注 หมายเหตุ | J42: 当日（kg） | L42: 0 | N42: 当日吨钢消耗 （kg/t） | O42: =L42/O9 -> 0
J43: 合计（kg） | L43: =L42+'11-05-26'!L43:M43 -> 680 | N43: 合计吨钢消耗 （kg/t） | O43: =L43/O10 -> 0.12870739
J44: 日历时间 time | N44: 实际作业时间 เวลาจริง
J45: 当日（h） | L45: 11 | N45: 当日（h） | O45: =11-I33 -> 10
J46: 合计（h） | L46: =L45+'11-05-26'!L46:M46 -> 121 | N46: 合计（h） | O46: =ROUND(L46-I33-'01-05-26'!I33-'02-05-26'!I33-'03-05-26'!I33-'04-05-26'!I33-'05-05-26'!I33-'06-05-26'!I33-'07-05-26'!I33-'08-05-26'!I33-'09-05-26'!I33-'10-05-26 '!I33-'11-05-26'!I33,1) -> 112.8
A48: Issued : …..................................................... Approved : …..............................................................

Sheet 13-05-26
A1: 酸轧线生产运行记录总表 สรุปการผลิต PK CRL Line
M2: 日期 (Date)
A3: 生产数据记录 บันทึกข้อมูลการผลิต | B3: 序号 Item | C3: 生产订单 Production Order | D3: 原料规格 size of material | E3: 原料重量 Weight of material（t） | F3: 原料卷数PK（coil） | G3: 成品规格 Description product | H3: 成品重量 weight of product (t) | I3: 成品卷数 CRL（coil） | J3: 各项指标及能源消耗 (ตัวชี้วัดและการใช้พลังงาน)
B5: 1 | C5: 138100000572 | D5: HRC 4.50 x 422 SPHC | E5: 135784 | F5: 27 | G5: CRC 1.84 x 422 SPCC | H5: 134762 | I5: 27 | J5: B级品 (เกรด B) | N5: 一级品率 (เกรด A)
B6: 2 | C6: 138100000554 | D6: HRC 4.00 x 415 SPHC | E6: 9905 | F6: 2 | G6: CRC 1.84 x 412 SPCC | H6: 9818 | I6: 2 | J6: 当日 /วัน（T） | L6: 14.112 | N6: 当日/ วัน（%） | O6: =(O9-L6)/O9 -> 0.97187422
B7: 3 | C7: 138100000555 | D7: HRC 3.50 x 412 SPHC | E7: 159168 | F7: 33 | G7: CRC 1.84 x 412 SPCC | H7: 158032 | I7: 33 | J7: 合计/ทั้งหมด（T） | L7: =L6+'12-05-26 '!L7:M7 -> 164.364 | N7: 合计/ ทั้งหมด（%） | O7: =(O10-L7)/O10 -> 0.97158814
B8: 4 | C8: 138100000523 | D8: HRC 4.20 x 389 SPHC | E8: 91185 | F8: 20 | G8: CRC 1.84 x 389 SPCC | H8: 90104 | I8: 20 | J8: 原料重量 (น้ำหนักวัตถุดิบ) PK | N8: 成品重量 (น้ำหนักวัตถุดิบ) CRL
B9: 5 | C9: 138100000524 | D9: HRC 4.50 x 389 SPHC | E9: 110114 | F9: 24 | G9: CRC 1.84 x 389 SPCC | H9: 109030 | I9: 24 | J9: 当日（t） | L9: 506.156 | N9: 当日（t） | O9: 501.746
J10: 合计（t） | L10: =L9+'12-05-26 '!L10:M10 -> 5836.653 | N10: 合计（t） | O10: =O9+'12-05-26 '!O10 -> 5785.048
J11: 机时产量(อัตราการผลิต/1ชั่วโมง) | N11: 有效作业率 (อัตราการทำงาน)
J12: 当日（t/h） | L12: =O9/(11-I33) -> 47.785333 | N12: 当日 （%） | O12: =(11-I33)/11 -> 0.95454545
J13: 合计（t/h） | L13: =O10/O46 -> 46.918475 | N13: 合计（%） | O13: =O46/L46 -> 0.93409091
J14: 酸洗电耗 ( ไฟฟ้า) PK
A15: 停机记录 บันทึกการหยุดเครื่อง | B15: 23:35-23:42原料版型不好，二次焊接！ | H15: 分钟 | I15: 小时 | J15: 当日（kwh） | L15: 3514 | N15: 当日吨钢消耗 （kwh/t） | O15: =L15/L9 -> 6.9425236
H16: 7 | I16: =ROUND(H16/60,1) -> 0.1 | J16: 合计（kwh） | L16: =L15+'12-05-26 '!L16:M16 -> 40115 | N16: 合计吨钢消耗 （kwh/t） | O16: =L16/L10 -> 6.8729458
B17: 4:21-4:39辊印更换F4.F1工作辊！ | H17: 18 | I17: =ROUND(H17/60,1) -> 0.3 | J17: 盐酸 (HCL)
J18: 当日（m³） | L18: 9 | N18: 当日吨钢消耗 （m³/t） | O18: =L18/L9 -> 0.017781079
B19: 4:43-4:48辊印更换F2工作辊！ | H19: 5 | I19: =ROUND(H19/60,1) -> 0.1 | J19: 合计（m³） | L19: =L18+'12-05-26 '!L19:M19 -> 114 | N19: 合计吨钢消耗 （m³/t） | O19: =L19/L10 -> 0.019531742
J20: 原料打包带(น้ำหนักสายรัดวัตถุ) PK | N20: 焊接切除废料(เศษวัสดุหลังการเชื่อม)PK
B21: 6:14-6:20辊印更换F4工作辊！ | H21: 6 | I21: =ROUND(H21/60,1) -> 0.1 | J21: 当日（kg） | L21: 372 | N21: 当日（kg） | O21: 566
J22: 合计（kg） | L22: =L21+'12-05-26 '!L22:M22 -> 4212 | N22: 合计（kg） | O22: =O21+'12-05-26 '!O22 -> 4802
J23: 切头切尾 (scapหัว-ท้าย) | N23: 工艺段及活套废料 (เศษวัสดุจากกระบวนการผลิต)
J24: 当日（kg） | L24: 250 | N24: 当日（kg）
J25: 合计（kg） | L25: =L24+'12-05-26 '!L25:M25 -> 2385 | N25: 合计（kg）
J26: 酸洗天然气( แก๊ส PK)
J27: 当日（Nm3） | L27: 1399 | N27: 当日吨钢消耗 （Nm3/t） | O27: =L27/L9 -> 2.76397
J28: 合计（Nm3） | L28: =L27+'12-05-26 '!L28:M28 -> 17604 | N28: 合计吨钢消耗 （Nm3/t） | O28: =L28/L10 -> 3.0161121
J29: 缓蚀剂 (Actived 1803 )
J30: 当日（L） | L30: 27
J31: 合计(L) | L31: =L30+'12-05-26 '!L31:O31 -> 342
J32: 轧机电耗 (ไฟฟ้า) CRL
I33: =ROUND(I16+I17+I19+I22+I23+I25+I27+I29+I31,1) -> 0.5 | J33: 当日（kwh） | L33: 19164 | N33: 当日吨钢消耗 （kwh/t） | O33: =L33/O9 -> 38.194624
J34: 合计（kwh） | L34: =L33+'12-05-26 '!L34:M34 -> 240478 | N34: 合计吨钢消耗 （kwh/t） | O34: =L34/O10 -> 41.568886
A35: 质量概述 QC | B35: B级品3卷原料边裂！ | J35: 轧机废料 (เศษวัสดุจากเครื่องรีด) | N35: 成材率 (อัตราการผลิต)
J36: 断带废ของเสียจากสายพานขาด（kg） | L36: 126 | M36: =L36+'12-05-26 '!M36 -> 2251 | N36: =L36/1000/L9 -> 0.00024893511 | O36: =M36/1000/L10 -> 0.00038566624
J37: 调整废（kg）ของเสียจากการปรับตั้ง | L37: 210 | M37: =L37+'12-05-26 '!M37 -> 2530 | N37: =L37/1000/L9 -> 0.00041489185 | O37: =M37/1000/L10 -> 0.00043346761
J38: 孔洞、边裂（kg）ของเสียจากขอบแตก | L38: 300 | M38: =L38+'12-05-26 '!M38 -> 2929 | N38: =L38/1000/L9 -> 0.00059270265 | O38: =M38/1000/L10 -> 0.0005018287
J39: 当日（kg） | L39: =L36+L37+L38 -> 636 | N39: 当日（%） | O39: =O9/L9 -> 0.99128727
J40: 合计（kg） | L40: =L39+'12-05-26 '!L40:M40 -> 7710 | N40: 合计（%） | O40: =(O10)/(L10-L22/1000) -> 0.99187424
J41: 轧制油 (Coolant)
A42: 备注 หมายเหตุ | J42: 当日（kg） | L42: 60 | N42: 当日吨钢消耗 （kg/t） | O42: =L42/O9 -> 0.11958242
J43: 合计（kg） | L43: =L42+'12-05-26 '!L43:M43 -> 740 | N43: 合计吨钢消耗 （kg/t） | O43: =L43/O10 -> 0.12791597
J44: 日历时间 time | N44: 实际作业时间 เวลาจริง
J45: 当日（h） | L45: 11 | N45: 当日（h） | O45: =11-I33 -> 10.5
J46: 合计（h） | L46: =L45+'12-05-26 '!L46:M46 -> 132 | N46: 合计（h） | O46: =ROUND(L46-I33-'01-05-26'!I33-'02-05-26'!I33-'03-05-26'!I33-'04-05-26'!I33-'05-05-26'!I33-'06-05-26'!I33-'07-05-26'!I33-'08-05-26'!I33-'09-05-26'!I33-'10-05-26 '!I33-'11-05-26'!I33-'12-05-26 '!I33,1) -> 123.3
A48: Issued : …..................................................... Approved : …..............................................................

Sheet 14-05-26
A1: 酸轧线生产运行记录总表 สรุปการผลิต PK CRL Line
M2: 日期 (Date)
A3: 生产数据记录 บันทึกข้อมูลการผลิต | B3: 序号 Item | C3: 生产订单 Production Order | D3: 原料规格 size of material | E3: 原料重量 Weight of material（t） | F3: 原料卷数PK（coil） | G3: 成品规格 Description product | H3: 成品重量 weight of product (t) | I3: 成品卷数 CRL（coil） | J3: 各项指标及能源消耗 (ตัวชี้วัดและการใช้พลังงาน)
B5: 1 | C5: 138100000524 | D5: HRC 4.50 x 389 SPHC | E5: 41374 | F5: 9 | G5: CRC 1.84 x 389 SPCC | H5: 41214 | I5: 9 | J5: B级品 (เกรด B) | N5: 一级品率 (เกรด A)
B6: 2 | C6: 138100000523 | D6: HRC 4.20 x 389 SPHC | E6: 13596 | F6: 3 | G6: CRC 1.84 x 389 SPCC | H6: 13352 | I6: 3 | J6: 当日 /วัน（T） | L6: 8.992 | N6: 当日/ วัน（%） | O6: =(O9-L6)/O9 -> 0.9802762
B7: 3 | C7: 138100000581 | D7: HRL 4.05 x 430 SS400 | E7: 13269 | F7: 2 | G7: CRC 1.30 x 428 SPCC | H7: 12914 | I7: 2 | J7: 合计/ทั้งหมด（T） | L7: =L6+'13-05-26'!L7:M7 -> 173.356 | N7: 合计/ ทั้งหมด（%） | O7: =(O10-L7)/O10 -> 0.97222279
B8: 4 | C8: 138100000526 | D8: HRC 4.50 x 388 SPHC | E8: 383498 | F8: 84 | G8: CRC 2.10 x 388 SPCC | H8: 380600 | I8: 84 | J8: 原料重量 (น้ำหนักวัตถุดิบ) PK | N8: 成品重量 (น้ำหนักวัตถุดิบ) CRL
B9: 5 | C9: 138100000528 | D9: HRC 4.50 x 341 SPHC | E9: 7966 | F9: 2 | G9: CRC 1.84 x 341 SPCC | H9: 7816 | I9: 2 | J9: 当日（t） | L9: 459.703 | N9: 当日（t） | O9: 455.896
J10: 合计（t） | L10: =L9+'13-05-26'!L10:M10 -> 6296.356 | N10: 合计（t） | O10: =O9+'13-05-26'!O10 -> 6240.944
J11: 机时产量(อัตราการผลิต/1ชั่วโมง) | N11: 有效作业率 (อัตราการทำงาน)
J12: 当日（t/h） | L12: =O9/(11-I33) -> 43.418667 | N12: 当日 （%） | O12: =(11-I33)/11 -> 0.95454545
J13: 合计（t/h） | L13: =O10/O46 -> 46.643827 | N13: 合计（%） | O13: =O46/L46 -> 0.93566434
J14: 酸洗电耗 ( ไฟฟ้า) PK
A15: 停机记录 บันทึกการหยุดเครื่อง | B15: 23:02-23:24窄带改宽带更换F1.F2.F3.F4工作辊！ | H15: 分钟 | I15: 小时 | J15: 当日（kwh） | L15: 3607 | N15: 当日吨钢消耗 （kwh/t） | O15: =L15/L9 -> 7.8463704
H16: 22 | I16: =ROUND(H16/60,1) -> 0.4 | J16: 合计（kwh） | L16: =L15+'13-05-26'!L16:M16 -> 43722 | N16: 合计吨钢消耗 （kwh/t） | O16: =L16/L10 -> 6.9440165
B17: 2:06-2:12自动焊机二次焊接！ | H17: 6 | I17: =ROUND(H17/60,1) -> 0.1 | J17: 盐酸 (HCL)
J18: 当日（m³） | L18: 6 | N18: 当日吨钢消耗 （m³/t） | O18: =L18/L9 -> 0.013051905
J19: 合计（m³） | L19: =L18+'13-05-26'!L19:M19 -> 120 | N19: 合计吨钢消耗 （m³/t） | O19: =L19/L10 -> 0.019058643
J20: 原料打包带(น้ำหนักสายรัดวัตถุ) PK | N20: 焊接切除废料(เศษวัสดุหลังการเชื่อม)PK
J21: 当日（kg） | L21: 298 | N21: 当日（kg） | O21: 476
J22: 合计（kg） | L22: =L21+'13-05-26'!L22:M22 -> 4510 | N22: 合计（kg） | O22: =O21+'13-05-26'!O22 -> 5278
J23: 切头切尾 (scapหัว-ท้าย) | N23: 工艺段及活套废料 (เศษวัสดุจากกระบวนการผลิต)
J24: 当日（kg） | L24: 258 | N24: 当日（kg）
J25: 合计（kg） | L25: =L24+'13-05-26'!L25:M25 -> 2643 | N25: 合计（kg）
J26: 酸洗天然气( แก๊ส PK)
J27: 当日（Nm3） | L27: 1348 | N27: 当日吨钢消耗 （Nm3/t） | O27: =L27/L9 -> 2.932328
J28: 合计（Nm3） | L28: =L27+'13-05-26'!L28:M28 -> 18952 | N28: 合计吨钢消耗 （Nm3/t） | O28: =L28/L10 -> 3.009995
J29: 缓蚀剂 (Actived 1803 )
J30: 当日（L） | L30: 18
J31: 合计(L) | L31: =L30+'13-05-26'!L31:O31 -> 360
J32: 轧机电耗 (ไฟฟ้า) CRL
I33: =ROUND(I16+I17+I19+I22+I23+I25+I27+I29+I31,1) -> 0.5 | J33: 当日（kwh） | L33: 18040 | N33: 当日吨钢消耗 （kwh/t） | O33: =L33/O9 -> 39.570428
J34: 合计（kwh） | L34: =L33+'13-05-26'!L34:M34 -> 258518 | N34: 合计吨钢消耗 （kwh/t） | O34: =L34/O10 -> 41.4229
A35: 质量概述 QC | B35: B级品：原料边裂2卷 | J35: 轧机废料 (เศษวัสดุจากเครื่องรีด) | N35: 成材率 (อัตราการผลิต)
J36: 断带废ของเสียจากสายพานขาด（kg） | L36: 418 | M36: =L36+'13-05-26'!M36 -> 2669 | N36: =L36/1000/L9 -> 0.00090928273 | O36: =M36/1000/L10 -> 0.00042389598
J37: 调整废（kg）ของเสียจากการปรับตั้ง | L37: 480 | M37: =L37+'13-05-26'!M37 -> 3010 | N37: =L37/1000/L9 -> 0.0010441524 | O37: =M37/1000/L10 -> 0.00047805429
J38: 孔洞、边裂（kg）ของเสียจากขอบแตก | L38: 386 | M38: =L38+'13-05-26'!M38 -> 3315 | N38: =L38/1000/L9 -> 0.00083967257 | O38: =M38/1000/L10 -> 0.00052649501
J39: 当日（kg） | L39: =L36+L37+L38 -> 1284 | N39: 当日（%） | O39: =O9/L9 -> 0.99171857
J40: 合计（kg） | L40: =L39+'13-05-26'!L40:M40 -> 8994 | N40: 合计（%） | O40: =(O10)/(L10-L22/1000) -> 0.99190985
J41: 轧制油 (Coolant)
A42: 备注 หมายเหตุ | J42: 当日（kg） | L42: 0 | N42: 当日吨钢消耗 （kg/t） | O42: =L42/O9 -> 0
J43: 合计（kg） | L43: =L42+'13-05-26'!L43:M43 -> 740 | N43: 合计吨钢消耗 （kg/t） | O43: =L43/O10 -> 0.11857181
J44: 日历时间 time | N44: 实际作业时间 เวลาจริง
J45: 当日（h） | L45: 11 | N45: 当日（h） | O45: =11-I33 -> 10.5
J46: 合计（h） | L46: =L45+'13-05-26'!L46:M46 -> 143 | N46: 合计（h） | O46: =ROUND(L46-I33-'01-05-26'!I33-'02-05-26'!I33-'03-05-26'!I33-'04-05-26'!I33-'05-05-26'!I33-'06-05-26'!I33-'07-05-26'!I33-'08-05-26'!I33-'09-05-26'!I33-'10-05-26 '!I33-'11-05-26'!I33-'12-05-26 '!I33-'13-05-26'!I33,1) -> 133.8
A48: Issued : …..................................................... Approved : …..............................................................

Sheet 15-05-26
A1: 酸轧线生产运行记录总表 สรุปการผลิต PK CRL Line
M2: 日期 (Date)
A3: 生产数据记录 บันทึกข้อมูลการผลิต | B3: 序号 Item | C3: 生产订单 Production Order | D3: 原料规格 size of material | E3: 原料重量 Weight of material（t） | F3: 原料卷数PK（coil） | G3: 成品规格 Description product | H3: 成品重量 weight of product (t) | I3: 成品卷数 CRL（coil） | J3: 各项指标及能源消耗 (ตัวชี้วัดและการใช้พลังงาน)
B5: 1 | C5: 138100000528 | D5: HRC 4.50 x 341 SPHC | E5: 99277 | F5: 25 | G5: CRC 1.84 x 341 SPCC | H5: 98184 | I5: 25 | J5: B级品 (เกรด B) | N5: 一级品率 (เกรด A)
B6: 2 | C6: 138100000533 | D6: HRC 4.50 x 337 SPHC | E6: 107158 | F6: 27 | G6: CRC 2.10 x 337 SPCC | H6: 106198 | I6: 27 | J6: 当日 /วัน（T） | L6: 25.076 | N6: 当日/ วัน（%） | O6: =(O9-L6)/O9 -> 0.93837155
B7: 3 | D7: HRC 4.50 x 472 SPHC | E7: 5589 | F7: 1 | G7: HRC 4.50 x 472 SPHC | H7: 5552 | I7: 1 | J7: 合计/ทั้งหมด（T） | L7: =L6+'14-05-26'!L7:M7 -> 198.432 | N7: 合计/ ทั้งหมด（%） | O7: =(O10-L7)/O10 -> 0.97015088
B8: 4 | D8: HRC 4.50 x 475 A460LF | E8: 9183 | F8: 2 | G8: HRC 4.50 x 475 SPHC | H8: 9102 | I8: 2 | J8: 原料重量 (น้ำหนักวัตถุดิบ) PK | N8: 成品重量 (น้ำหนักวัตถุดิบ) CRL
B9: 5 | C9: 138100000584 | D9: HRL 5.40 x 428 SS400 | E9: 6110 | F9: 1 | G9: CRC 2.10 x 428 SPCC | H9: 5642 | I9: 1 | J9: 当日（t） | L9: 412.758 | N9: 当日（t） | O9: 406.89
B10: 6 | C10: 138100000585 | D10: HRC 3.06 x 464 SPHC | E10: 185441 | F10: 33 | G10: CRC 1.30 x 464 SPCC | H10: 183212 | I10: 33 | J10: 合计（t） | L10: =L9+'14-05-26'!L10:M10 -> 6709.114 | N10: 合计（t） | O10: =O9+'14-05-26'!O10 -> 6647.834
J11: 机时产量(อัตราการผลิต/1ชั่วโมง) | N11: 有效作业率 (อัตราการทำงาน)
J12: 当日（t/h） | L12: =O9/(11-I33) -> 41.947423 | N12: 当日 （%） | O12: =(11-I33)/11 -> 0.88181818
J13: 合计（t/h） | L13: =O10/O46 -> 46.326369 | N13: 合计（%） | O13: =O46/L46 -> 0.93181818
J14: 酸洗电耗 ( ไฟฟ้า) PK
A15: 停机记录 บันทึกการหยุดเครื่อง | B15: 2:18-2:23一号开卷机故障上料跟不上！ | H15: 分钟 | I15: 小时 | J15: 当日（kwh） | L15: 3452 | N15: 当日吨钢消耗 （kwh/t） | O15: =L15/L9 -> 8.363254
H16: 5 | I16: =ROUND(H16/60,1) -> 0.1 | J16: 合计（kwh） | L16: =L15+'14-05-26'!L16:M16 -> 47174 | N16: 合计吨钢消耗 （kwh/t） | O16: =L16/L10 -> 7.0313308
B17: 3:10-4:15酸洗3件热轧带钢不冷轧，更换F1.F2.F3.F4工作辊窄带改宽带！ | H17: 65 | I17: =ROUND(H17/60,1) -> 1.1 | J17: 盐酸 (HCL)
J18: 当日（m³） | L18: 9 | N18: 当日吨钢消耗 （m³/t） | O18: =L18/L9 -> 0.021804544
B19: 5:03-5:09辊印更换F4工作辊！ | H19: 6 | I19: =ROUND(H19/60,1) -> 0.1 | J19: 合计（m³） | L19: =L18+'14-05-26'!L19:M19 -> 129 | N19: 合计吨钢消耗 （m³/t） | O19: =L19/L10 -> 0.019227576
J20: 原料打包带(น้ำหนักสายรัดวัตถุ) PK | N20: 焊接切除废料(เศษวัสดุหลังการเชื่อม)PK
B21: 6:29-7:04五六S辊故障F1入口断带，更换F1.F2.F3.F4工作辊！ | H21: 35 | I21: =ROUND(H21/60,1) -> 0.6 | J21: 当日（kg） | L21: 268 | N21: 当日（kg） | O21: 342
J22: 合计（kg） | L22: =L21+'14-05-26'!L22:M22 -> 4778 | N22: 合计（kg） | O22: =O21+'14-05-26'!O22 -> 5620
J23: 切头切尾 (scapหัว-ท้าย) | N23: 工艺段及活套废料 (เศษวัสดุจากกระบวนการผลิต)
J24: 当日（kg） | L24: 200 | N24: 当日（kg）
J25: 合计（kg） | L25: =L24+'14-05-26'!L25:M25 -> 2843 | N25: 合计（kg）
J26: 酸洗天然气( แก๊ส PK)
J27: 当日（Nm3） | L27: 1409 | N27: 当日吨钢消耗 （Nm3/t） | O27: =L27/L9 -> 3.4136225
J28: 合计（Nm3） | L28: =L27+'14-05-26'!L28:M28 -> 20361 | N28: 合计吨钢消耗 （Nm3/t） | O28: =L28/L10 -> 3.034827
J29: 缓蚀剂 (Actived 1803 )
J30: 当日（L） | L30: 27
J31: 合计(L) | L31: =L30+'14-05-26'!L31:O31 -> 387
J32: 轧机电耗 (ไฟฟ้า) CRL
I33: =ROUND(I16+I17+I19+I22+I23+I25+I27+I29+I31,1) -> 1.3 | J33: 当日（kwh） | L33: 17141 | N33: 当日吨钢消耗 （kwh/t） | O33: =L33/O9 -> 42.126865
J34: 合计（kwh） | L34: =L33+'14-05-26'!L34:M34 -> 275659 | N34: 合计吨钢消耗 （kwh/t） | O34: =L34/O10 -> 41.465987
A35: 质量概述 QC | B35: 原料边裂5卷 | J35: 轧机废料 (เศษวัสดุจากเครื่องรีด) | N35: 成材率 (อัตราการผลิต)
J36: 断带废ของเสียจากสายพานขาด（kg） | L36: 152 | M36: =L36+'14-05-26'!M36 -> 2821 | N36: =L36/1000/L9 -> 0.00036825452 | O36: =M36/1000/L10 -> 0.00042047281
J37: 调整废（kg）ของเสียจากการปรับตั้ง | L37: 486 | M37: =L37+'14-05-26'!M37 -> 3496 | N37: =L37/1000/L9 -> 0.0011774454 | O37: =M37/1000/L10 -> 0.00052108222
J38: 孔洞、边裂（kg）ของเสียจากขอบแตก | L38: 396 | M38: =L38+'14-05-26'!M38 -> 3711 | N38: =L38/1000/L9 -> 0.00095939994 | O38: =M38/1000/L10 -> 0.00055312818
J39: 当日（kg） | L39: =L36+L37+L38 -> 1034 | N39: 当日（%） | O39: =O9/L9 -> 0.98578344
J40: 合计（kg） | L40: =L39+'14-05-26'!L40:M40 -> 10028 | N40: 合计（%） | O40: =(O10)/(L10-L22/1000) -> 0.99157232
J41: 轧制油 (Coolant)
A42: 备注 หมายเหตุ | B42: 酸洗不冷轧带钢，由于轧机工作时间长含有温度，乳化液残留温度及水分，轧机密封过严无法及时疏散温度，导致轧机间内部残留蒸气，酸洗成品易生锈！ | J42: 当日（kg） | L42: 60 | N42: 当日吨钢消耗 （kg/t） | O42: =L42/O9 -> 0.14746
J43: 合计（kg） | L43: =L42+'14-05-26'!L43:M43 -> 800 | N43: 合计吨钢消耗 （kg/t） | O43: =L43/O10 -> 0.12033995
J44: 日历时间 time | N44: 实际作业时间 เวลาจริง
J45: 当日（h） | L45: 11 | N45: 当日（h） | O45: =11-I33 -> 9.7
J46: 合计（h） | L46: =L45+'14-05-26'!L46:M46 -> 154 | N46: 合计（h） | O46: =ROUND(L46-I33-'01-05-26'!I33-'02-05-26'!I33-'03-05-26'!I33-'04-05-26'!I33-'05-05-26'!I33-'06-05-26'!I33-'07-05-26'!I33-'08-05-26'!I33-'09-05-26'!I33-'10-05-26 '!I33-'11-05-26'!I33-'12-05-26 '!I33-'13-05-26'!I33-'14-05-26'!I33,1) -> 143.5
A48: Issued : …..................................................... Approved : …..............................................................

Sheet 16-05-26
A1: 酸轧线生产运行记录总表 สรุปการผลิต PK CRL Line
M2: 日期 (Date)
A3: 生产数据记录 บันทึกข้อมูลการผลิต | B3: 序号 Item | C3: 生产订单 Production Order | D3: 原料规格 size of material | E3: 原料重量 Weight of material（t） | F3: 原料卷数PK（coil） | G3: 成品规格 Description product | H3: 成品重量 weight of product (t) | I3: 成品卷数 CRL（coil） | J3: 各项指标及能源消耗 (ตัวชี้วัดและการใช้พลังงาน)
B5: 1 | C5: 138100000585 | D5: HRC 3.06 x 464 SPHC | E5: 117179 | F5: 21 | G5: CRC 1.30 x 464 SPCC | H5: 116234 | I5: 21 | J5: B级品 (เกรด B) | N5: 一级品率 (เกรด A)
B6: 2 | C6: 138100000586 | D6: HRC 3.06 x 464 SPHC | E6: 316955 | F6: 56 | G6: CRC 1.11 x 464 SPCC | H6: 314854 | I6: 56 | J6: 当日 /วัน（T） | L6: 56.02 | N6: 当日/ วัน（%） | O6: =(O9-L6)/O9 -> 0.87895053
B7: 3 | C7: 138100000587 | D7: HRC 3.06 x 464 SPHC | E7: 34084 | F7: 6 | G7: CRC 1.02 x 464 SPCC | H7: 31698 | I7: 6 | J7: 合计/ทั้งหมด（T） | L7: =L6+'15-05-26'!L7:M7 -> 254.452 | N7: 合计/ ทั้งหมด（%） | O7: =(O10-L7)/O10 -> 0.96421522
J8: 原料重量 (น้ำหนักวัตถุดิบ) PK | N8: 成品重量 (น้ำหนักวัตถุดิบ) CRL
J9: 当日（t） | L9: 468.218 | N9: 当日（t） | O9: 462.786
J10: 合计（t） | L10: =L9+'15-05-26'!L10:M10 -> 7177.332 | N10: 合计（t） | O10: =O9+'15-05-26'!O10 -> 7110.62
J11: 机时产量(อัตราการผลิต/1ชั่วโมง) | N11: 有效作业率 (อัตราการทำงาน)
J12: 当日（t/h） | L12: =O9/(10-I33) -> 55.757349 | N12: 当日 （%） | O12: =(10-I33)/10 -> 0.83
J13: 合计（t/h） | L13: =O10/O46 -> 46.842029 | N13: 合计（%） | O13: =O46/L46 -> 0.92560976
J14: 酸洗电耗 ( ไฟฟ้า) PK
A15: 停机记录 บันทึกการหยุดเครื่อง | B15: 3:42-3:56自动焊机故障！ | H15: 分钟 | I15: 小时 | J15: 当日（kwh） | L15: 2826 | N15: 当日吨钢消耗 （kwh/t） | O15: =L15/L9 -> 6.0356501
H16: 14 | I16: =ROUND(H16/60,1) -> 0.2 | J16: 合计（kwh） | L16: =L15+'15-05-26'!L16:M16 -> 50000 | N16: 合计吨钢消耗 （kwh/t） | O16: =L16/L10 -> 6.9663769
B17: 6:30-8:00轧机F1操作侧位移传感器故障！ | H17: 90 | I17: =ROUND(H17/60,1) -> 1.5 | J17: 盐酸 (HCL)
J18: 当日（m³） | L18: 9 | N18: 当日吨钢消耗 （m³/t） | O18: =L18/L9 -> 0.019221815
J19: 合计（m³） | L19: =L18+'15-05-26'!L19:M19 -> 138 | N19: 合计吨钢消耗 （m³/t） | O19: =L19/L10 -> 0.0192272
J20: 原料打包带(น้ำหนักสายรัดวัตถุ) PK | N20: 焊接切除废料(เศษวัสดุหลังการเชื่อม)PK
J21: 当日（kg） | L21: 260 | N21: 当日（kg） | O21: 274
J22: 合计（kg） | L22: =L21+'15-05-26'!L22:M22 -> 5038 | N22: 合计（kg） | O22: =O21+'15-05-26'!O22 -> 5894
J23: 切头切尾 (scapหัว-ท้าย) | N23: 工艺段及活套废料 (เศษวัสดุจากกระบวนการผลิต)
J24: 当日（kg） | L24: 196 | N24: 当日（kg）
J25: 合计（kg） | L25: =L24+'15-05-26'!L25:M25 -> 3039 | N25: 合计（kg）
J26: 酸洗天然气( แก๊ส PK)
J27: 当日（Nm3） | L27: 1409 | N27: 当日吨钢消耗 （Nm3/t） | O27: =L27/L9 -> 3.009282
J28: 合计（Nm3） | L28: =L27+'15-05-26'!L28:M28 -> 21770 | N28: 合计吨钢消耗 （Nm3/t） | O28: =L28/L10 -> 3.0331605
J29: 缓蚀剂 (Actived 1803 )
J30: 当日（L） | L30: 27
J31: 合计(L) | L31: =L30+'15-05-26'!L31:O31 -> 414
J32: 轧机电耗 (ไฟฟ้า) CRL
I33: =ROUND(I16+I17+I19+I21+I23+I25+I27+I29+I31,1) -> 1.7 | J33: 当日（kwh） | L33: 20815 | N33: 当日吨钢消耗 （kwh/t） | O33: =L33/O9 -> 44.977592
J34: 合计（kwh） | L34: =L33+'14-05-26'!L34:M35 -> 279333 | N34: 合计吨钢消耗 （kwh/t） | O34: =L34/O10 -> 39.283916
A35: 质量概述 QC | B35: B级品：原料边裂10卷！ | J35: 轧机废料 (เศษวัสดุจากเครื่องรีด) | N35: 成材率 (อัตราการผลิต)
J36: 断带废ของเสียจากสายพานขาด（kg） | L36: 100 | M36: =L36+'15-05-26'!M36 -> 2921 | N36: =L36/1000/L9 -> 0.00021357573 | O36: =M36/1000/L10 -> 0.00040697574
J37: 调整废（kg）ของเสียจากการปรับตั้ง | L37: 172 | M37: =L37+'15-05-26'!M37 -> 3668 | N37: =L37/1000/L9 -> 0.00036735025 | O37: =M37/1000/L10 -> 0.00051105341
J38: 孔洞、边裂（kg）ของเสียจากขอบแตก | L38: 264 | M38: =L38+'15-05-26'!M38 -> 3975 | N38: =L38/1000/L9 -> 0.00056383992 | O38: =M38/1000/L10 -> 0.00055382697
J39: 当日（kg） | L39: =L36+L37+L38 -> 536 | N39: 当日（%） | O39: =O9/L9 -> 0.98839857
J40: 合计（kg） | L40: =L39+'15-05-26'!L40:M40 -> 10564 | N40: 合计（%） | O40: =(O10)/(L10-L22/1000) -> 0.99140108
J41: 轧制油 (Coolant)
A42: 备注 หมายเหตุ | J42: 当日（kg） | L42: 0 | N42: 当日吨钢消耗 （kg/t） | O42: =L42/O9 -> 0
J43: 合计（kg） | L43: =L42+'15-05-26'!L43:M43 -> 800 | N43: 合计吨钢消耗 （kg/t） | O43: =L43/O10 -> 0.11250777
J44: 日历时间 time | N44: 实际作业时间 เวลาจริง
J45: 当日（h） | L45: 10 | N45: 当日（h） | O45: =10-I33 -> 8.3
J46: 合计（h） | L46: =L45+'15-05-26'!L46:M46 -> 164 | N46: 合计（h） | O46: =ROUND(L46-I33-'01-05-26'!I33-'02-05-26'!I33-'03-05-26'!I33-'04-05-26'!I33-'05-05-26'!I33-'06-05-26'!I33-'07-05-26'!I33-'08-05-26'!I33-'09-05-26'!I33-'10-05-26 '!I33-'11-05-26'!I33-'12-05-26 '!I33-'13-05-26'!I33-'14-05-26'!I33-'15-05-26'!I33,1) -> 151.8
A48: Issued : …..................................................... Approved : …..............................................................

Sheet 17-05-26
A1: 酸轧线生产运行记录总表 สรุปการผลิต PK CRL Line
M2: 日期 (Date)
A3: 生产数据记录 บันทึกข้อมูลการผลิต | B3: 序号 Item | C3: 生产订单 Production Order | D3: 原料规格 size of material | E3: 原料重量 Weight of material（t） | F3: 原料卷数PK（coil） | G3: 成品规格 Description product | H3: 成品重量 weight of product (t) | I3: 成品卷数 CRL（coil） | J3: 各项指标及能源消耗 (ตัวชี้วัดและการใช้พลังงาน)
B5: 1 | C5: 138100000587 | D5: HRC 3.06 x 464 SPHC | E5: 34024 | F5: 6 | G5: CRC 1.02 x 464 SPCC | H5: 35892 | I5: 7 | J5: B级品 (เกรด B) | N5: 一级品率 (เกรด A)
B6: 2 | C6: 138100000583 | D6: HRL 4.05 x 510 SS400 | E6: 206921 | F6: 28 | G6: CRC 1.50 x 508 SPCC | H6: 204750 | I6: 28 | J6: 当日 /วัน（T） | L6: 7.478 | N6: 当日/ วัน（%） | O6: =(O9-L6)/O9 -> 0.98412719
B7: 3 | C7: 138100000591 | D7: HRC 3.00 x 436 SPHC | E7: 56476 | F7: 11 | G7: CRC 1.10 x 436 SPCC | H7: 55966 | I7: 11 | J7: 合计/ทั้งหมด（T） | L7: =L6+'16-05-26'!L7:M7 -> 261.93 | N7: 合计/ ทั้งหมด（%） | O7: =(O10-L7)/O10 -> 0.96545252
B8: 4 | C8: 138100000590 | D8: HRC 3.00 x 436 SPHC | E8: 31079 | F8: 6 | G8: CRC 0.90 x 436 SPCC | H8: 30750 | I8: 6 | J8: 原料重量 (น้ำหนักวัตถุดิบ) PK | N8: 成品重量 (น้ำหนักวัตถุดิบ) CRL
B9: 5 | C9: 138100000580 | D9: HRL 4.10 x 430 SS400 | E9: 56792 | F9: 9 | G9: CRC 1.30 x 428 SPCC | H9: 55798 | I9: 9 | J9: 当日（t） | L9: 475.037 | N9: 当日（t） | O9: 471.12
B10: 6 | C10: 138100000582 | D10: HRL 5.40 x 428 SS400 | E10: 23831 | F10: 4 | G10: CRC 2.10 x 428 SPCC | H10: 22636 | I10: 4 | J10: 合计（t） | L10: =L9+'16-05-26'!L10:M10 -> 7652.369 | N10: 合计（t） | O10: =O9+'16-05-26'!O10 -> 7581.74
B11: 7 | C11: 138100000581 | D11: HRL 4.05 x 430 SS400 | E11: 65914 | F11: 10 | G11: CRC 1.30 x 428 SPCC | H11: 65328 | I11: 10 | J11: 机时产量(อัตราการผลิต/1ชั่วโมง) | N11: 有效作业率 (อัตราการทำงาน)
J12: 当日（t/h） | L12: =O9/(11-I33) -> 47.587879 | N12: 当日 （%） | O12: =(11-I33)/11 -> 0.9
J13: 合计（t/h） | L13: =O10/O46 -> 46.887693 | N13: 合计（%） | O13: =O46/L46 -> 0.924
J14: 酸洗电耗 ( ไฟฟ้า) PK
A15: 停机记录 บันทึกการหยุดเครื่อง | B15: 23:04-23:20辊印更换F1.F4工作辊！ | H15: 分钟 | I15: 小时 | J15: 当日（kwh） | L15: 3373 | N15: 当日吨钢消耗 （kwh/t） | O15: =L15/L9 -> 7.1004995
H16: 16 | I16: =ROUND(H16/60,1) -> 0.3 | J16: 合计（kwh） | L16: =L15+'16-05-26'!L16:M16 -> 53373 | N16: 合计吨钢消耗 （kwh/t） | O16: =L16/L10 -> 6.9747029
B17: 1:38-1:46 510*4.05带宽不易开卷！ | H17: 8 | I17: =ROUND(H17/60,1) -> 0.1 | J17: 盐酸 (HCL)
J18: 当日（m³） | L18: 9 | N18: 当日吨钢消耗 （m³/t） | O18: =L18/L9 -> 0.018945893
B19: 4:47-4:57辊印更换F1工作辊！ | H19: 10 | I19: =ROUND(H19/60,1) -> 0.2 | J19: 合计（m³） | L19: =L18+'16-05-26'!L19:M19 -> 147 | N19: 合计吨钢消耗 （m³/t） | O19: =L19/L10 -> 0.019209738
J20: 原料打包带(น้ำหนักสายรัดวัตถุ) PK | N20: 焊接切除废料(เศษวัสดุหลังการเชื่อม)PK
B21: 6:23-6:33生产428*5.4原料过厚，不易开卷！ | H21: 10 | I21: =ROUND(H21/60,1) -> 0.2 | J21: 当日（kg） | L21: 62 | N21: 当日（kg） | O21: 366
J22: 合计（kg） | L22: =L21+'16-05-26'!L22:M22 -> 5100 | N22: 合计（kg） | O22: =O21+'16-05-26'!O22 -> 6260
B23: 6:42-6:51生产430*4.1换428*5.4焊接头开裂F2出口！ | H23: 9 | I23: =ROUND(H23/60,1) -> 0.2 | J23: 切头切尾 (scapหัว-ท้าย) | N23: 工艺段及活套废料 (เศษวัสดุจากกระบวนการผลิต)
J24: 当日（kg） | L24: 196 | N24: 当日（kg）
B25: 7:40-7:45焊接头开裂F3出口！ | H25: 5 | I25: =ROUND(H25/60,1) -> 0.1 | J25: 合计（kg） | L25: =L24+'16-05-26'!L25:M25 -> 3235 | N25: 合计（kg）
J26: 酸洗天然气( แก๊ส PK)
J27: 当日（Nm3） | L27: 1399 | N27: 当日吨钢消耗 （Nm3/t） | O27: =L27/L9 -> 2.9450338
J28: 合计（Nm3） | L28: =L27+'16-05-26'!L28:M28 -> 23169 | N28: 合计吨钢消耗 （Nm3/t） | O28: =L28/L10 -> 3.0276899
J29: 缓蚀剂 (Actived 1803 )
J30: 当日（L） | L30: 27
J31: 合计(L) | L31: =L30+'16-05-26'!L31:O31 -> 441
J32: 轧机电耗 (ไฟฟ้า) CRL
I33: =ROUND(I16+I17+I19+I21+I23+I25+I27+I29+I31,1) -> 1.1 | J33: 当日（kwh） | L33: 24928 | N33: 当日吨钢消耗 （kwh/t） | O33: =L33/O9 -> 52.912209
J34: 合计（kwh） | L34: =L33+'16-05-26'!L34:M35 -> 304261 | N34: 合计吨钢消耗 （kwh/t） | O34: =L34/O10 -> 40.130762
A35: 质量概述 QC | B35: B级品：2卷原料边裂！ | J35: 轧机废料 (เศษวัสดุจากเครื่องรีด) | N35: 成材率 (อัตราการผลิต)
J36: 断带废ของเสียจากสายพานขาด（kg） | L36: 378 | M36: =L36+'16-05-26'!M36 -> 3299 | N36: =L36/1000/L9 -> 0.00079572749 | O36: =M36/1000/L10 -> 0.00043110833
J37: 调整废（kg）ของเสียจากการปรับตั้ง | L37: 618 | M37: =L37+'16-05-26'!M37 -> 4286 | N37: =L37/1000/L9 -> 0.0013009513 | O37: =M37/1000/L10 -> 0.00056008799
J38: 孔洞、边裂（kg）ของเสียจากขอบแตก | L38: 202 | M38: =L38+'16-05-26'!M38 -> 4177 | N38: =L38/1000/L9 -> 0.00042523003 | O38: =M38/1000/L10 -> 0.00054584404
J39: 当日（kg） | L39: =L36+L37+L38 -> 1198 | N39: 当日（%） | O39: =O9/L9 -> 0.99175433
J40: 合计（kg） | L40: =L39+'16-05-26'!L40:M40 -> 11762 | N40: 合计（%） | O40: =(O10)/(L10-L22/1000) -> 0.99143106
J41: 轧制油 (Coolant)
A42: 备注 หมายเหตุ | J42: 当日（kg） | L42: 60 | N42: 当日吨钢消耗 （kg/t） | O42: =L42/O9 -> 0.12735609
J43: 合计（kg） | L43: =L42+'16-05-26'!L43:M43 -> 860 | N43: 合计吨钢消耗 （kg/t） | O43: =L43/O10 -> 0.11343043
J44: 日历时间 time | N44: 实际作业时间 เวลาจริง
J45: 当日（h） | L45: 11 | N45: 当日（h） | O45: =11-I33 -> 9.9
J46: 合计（h） | L46: =L45+'16-05-26'!L46:M46 -> 175 | N46: 合计（h） | O46: =ROUND(L46-I33-'01-05-26'!I33-'02-05-26'!I33-'03-05-26'!I33-'04-05-26'!I33-'05-05-26'!I33-'06-05-26'!I33-'07-05-26'!I33-'08-05-26'!I33-'09-05-26'!I33-'10-05-26 '!I33-'11-05-26'!I33-'12-05-26 '!I33-'13-05-26'!I33-'14-05-26'!I33-'15-05-26'!I33-'16-05-26'!I33,1) -> 161.7
A48: Issued : …..................................................... Approved : …..............................................................

Sheet 18-05-26
A1: 酸轧线生产运行记录总表 สรุปการผลิต PK CRL Line
M2: 日期 (Date)
A3: 生产数据记录 บันทึกข้อมูลการผลิต | B3: 序号 Item | C3: 生产订单 Production Order | D3: 原料规格 size of material | E3: 原料重量 Weight of material（t） | F3: 原料卷数PK（coil） | G3: 成品规格 Description product | H3: 成品重量 weight of product (t) | I3: 成品卷数 CRL（coil） | J3: 各项指标及能源消耗 (ตัวชี้วัดและการใช้พลังงาน)
B5: 1 | C5: 138100000581 | D5: HRL 4.05 x 430 SS400 | E5: 45502 | F5: 7 | G5: CRC 1.30 x 428 SPCC | H5: 45106 | I5: 14 | J5: B级品 (เกรด B) | N5: 一级品率 (เกรด A)
B6: 2 | C6: - | D6: HRC 4.50 x 475 A460LF | E6: 9102 | F6: 2 | G6: HRC 4.50 x 475 A460LF | H6: 8446 | I6: 2 | J6: 当日 /วัน（T） | L6: 37.536 | N6: 当日/ วัน（%） | O6: =(O9-L6)/O9 -> 0.9105894
B7: 3 | C7: 138100000595 | D7: HRC 3.02 x 463 SPHC | E7: 177663 | F7: 32 | G7: CRC 1.02 x 463 SPCC | H7: 176188 | I7: 32 | J7: 合计/ทั้งหมด（T） | L7: =L6+'17-05-26'!L7:M7 -> 299.466 | N7: 合计/ ทั้งหมด（%） | O7: =(O10-L7)/O10 -> 0.96257403
B8: 4 | C8: 13810000611 | D8: HRC 2.28 x 423 SPHC | E8: 15082 | F8: 3 | G8: CRC 0.70 x 423 SPCC | H8: 14852 | I8: 3 | J8: 原料重量 (น้ำหนักวัตถุดิบ) PK | N8: 成品重量 (น้ำหนักวัตถุดิบ) CRL
B9: 5 | C9: 138100000612 | D9: HRC 2.22 x 421 SPHC | E9: 14882 | F9: 3 | G9: CRC 1.10 x 421 SPCC | H9: 14686 | I9: 3 | J9: 当日（t） | L9: 424.169 | N9: 当日（t） | O9: 419.816
B10: 6 | C10: 138100000596 | D10: HRC 2.28 x 423 SPHC | E10: 161938 | F10: 32 | G10: CRC 1.02 x 423 SPCC | H10: 160538 | I10: 32 | J10: 合计（t） | L10: =L9+'17-05-26'!L10:M10 -> 8076.538 | N10: 合计（t） | O10: =O9+'17-05-26'!O10 -> 8001.556
J11: 机时产量(อัตราการผลิต/1ชั่วโมง) | N11: 有效作业率 (อัตราการทำงาน)
J12: 当日（t/h） | L12: =O9/(11-I33) -> 39.605283 | N12: 当日 （%） | O12: =(11-I33)/11 -> 0.96363636
J13: 合计（t/h） | L13: =O10/O46 -> 46.439675 | N13: 合计（%） | O13: =O46/L46 -> 0.92634409
J14: 酸洗电耗 ( ไฟฟ้า) PK
A15: 停机记录 บันทึกการหยุดเครื่อง | B15: 23:14-23:30窄带改宽带更换F1.F2.F3.F4工作辊！ | H15: 分钟 | I15: 小时 | J15: 当日（kwh） | L15: 3284 | N15: 当日吨钢消耗 （kwh/t） | O15: =L15/L9 -> 7.7421971
H16: 16 | I16: =ROUND(H16/60,1) -> 0.3 | J16: 合计（kwh） | L16: =L15+'17-05-26'!L16:M16 -> 56657 | N16: 合计吨钢消耗 （kwh/t） | O16: =L16/L10 -> 7.0150106
B17: 4:57-5:02工艺段拉矫机报警！ | H17: 5 | I17: =ROUND(H17/60,1) -> 0.1 | J17: 盐酸 (HCL)
J18: 当日（m³） | L18: 9 | N18: 当日吨钢消耗 （m³/t） | O18: =L18/L9 -> 0.021217958
J19: 合计（m³） | L19: =L18+'17-05-26'!L19:M19 -> 156 | N19: 合计吨钢消耗 （m³/t） | O19: =L19/L10 -> 0.019315207
J20: 原料打包带(น้ำหนักสายรัดวัตถุ) PK | N20: 焊接切除废料(เศษวัสดุหลังการเชื่อม)PK
J21: 当日（kg） | L21: 252 | N21: 当日（kg） | O21: 288
J22: 合计（kg） | L22: =L21+'17-05-26'!L22:M22 -> 5352 | N22: 合计（kg） | O22: =O21+'17-05-26'!O22 -> 6548
J23: 切头切尾 (scapหัว-ท้าย) | N23: 工艺段及活套废料 (เศษวัสดุจากกระบวนการผลิต)
J24: 当日（kg） | L24: 168 | N24: 当日（kg）
J25: 合计（kg） | L25: =L24+'17-05-26'!L25:M25 -> 3403 | N25: 合计（kg）
J26: 酸洗天然气( แก๊ส PK)
J27: 当日（Nm3） | L27: 1381 | N27: 当日吨钢消耗 （Nm3/t） | O27: =L27/L9 -> 3.2557778
J28: 合计（Nm3） | L28: =L27+'17-05-26'!L28:M28 -> 24550 | N28: 合计吨钢消耗 （Nm3/t） | O28: =L28/L10 -> 3.0396687
J29: 缓蚀剂 (Actived 1803 )
J30: 当日（L） | L30: 27
J31: 合计(L) | L31: =L30+'17-05-26'!L31:O31 -> 468
J32: 轧机电耗 (ไฟฟ้า) CRL
I33: =ROUND(I16+I17+I19+I21+I23+I25+I27+I29+I31,1) -> 0.4 | J33: 当日（kwh） | L33: 19871 | N33: 当日吨钢消耗 （kwh/t） | O33: =L33/O9 -> 47.332641
J34: 合计（kwh） | L34: =L33+'17-05-26'!L34:M35 -> 324132 | N34: 合计吨钢消耗 （kwh/t） | O34: =L34/O10 -> 40.508621
A35: 质量概述 QC | B35: B级品：原料边裂6卷，1卷原料划伤，共7卷！ | J35: 轧机废料 (เศษวัสดุจากเครื่องรีด) | N35: 成材率 (อัตราการผลิต)
J36: 断带废ของเสียจากสายพานขาด（kg） | L36: 165 | M36: =L36+'17-05-26'!M36 -> 3464 | N36: =L36/1000/L9 -> 0.0003889959 | O36: =M36/1000/L10 -> 0.00042889664
J37: 调整废（kg）ของเสียจากการปรับตั้ง | L37: 508 | M37: =L37+'17-05-26'!M37 -> 4794 | N37: =L37/1000/L9 -> 0.0011976358 | O37: =M37/1000/L10 -> 0.00059357116
J38: 孔洞、边裂（kg）ของเสียจากขอบแตก | L38: 586 | M38: =L38+'17-05-26'!M38 -> 4763 | N38: =L38/1000/L9 -> 0.0013815248 | O38: =M38/1000/L10 -> 0.00058973288
J39: 当日（kg） | L39: =L36+L37+L38 -> 1259 | N39: 当日（%） | O39: =O9/L9 -> 0.98973758
J40: 合计（kg） | L40: =L39+'17-05-26'!L40:M40 -> 13021 | N40: 合计（%） | O40: =(O10)/(L10-L22/1000) -> 0.99137302
J41: 轧制油 (Coolant)
A42: 备注 หมายเหตุ | B42: 23:14-0:03酸洗热轧带钢两卷！ | J42: 当日（kg） | L42: 0 | N42: 当日吨钢消耗 （kg/t） | O42: =L42/O9 -> 0
J43: 合计（kg） | L43: =L42+'17-05-26'!L43:M43 -> 860 | N43: 合计吨钢消耗 （kg/t） | O43: =L43/O10 -> 0.1074791
J44: 日历时间 time | N44: 实际作业时间 เวลาจริง
J45: 当日（h） | L45: 11 | N45: 当日（h） | O45: =11-I33 -> 10.6
J46: 合计（h） | L46: =L45+'17-05-26'!L46:M46 -> 186 | N46: 合计（h） | O46: =ROUND(L46-I33-'01-05-26'!I33-'02-05-26'!I33-'03-05-26'!I33-'04-05-26'!I33-'05-05-26'!I33-'06-05-26'!I33-'07-05-26'!I33-'08-05-26'!I33-'09-05-26'!I33-'10-05-26 '!I33-'11-05-26'!I33-'12-05-26 '!I33-'13-05-26'!I33-'14-05-26'!I33-'15-05-26'!I33-'16-05-26'!I33-'17-05-26'!I33,1) -> 172.3
A48: Issued : …..................................................... Approved : …..............................................................

Sheet 19-05-26
A1: 酸轧线生产运行记录总表 สรุปการผลิต PK CRL Line
M2: 日期 (Date)
A3: 生产数据记录 บันทึกข้อมูลการผลิต | B3: 序号 Item | C3: 生产订单 Production Order | D3: 原料规格 size of material | E3: 原料重量 Weight of material（t） | F3: 原料卷数PK（coil） | G3: 成品规格 Description product | H3: 成品重量 weight of product (t) | I3: 成品卷数 CRL（coil） | J3: 各项指标及能源消耗 (ตัวชี้วัดและการใช้พลังงาน)
B5: 1 | C5: 138100000596 | D5: HRC 2.28 x 423 SPHC | E5: 91222 | F5: 18 | G5: CRC 1.02 x 423 SPCC | H5: 90504 | I5: 18 | J5: B级品 (เกรด B) | N5: 一级品率 (เกรด A)
B6: 2 | C6: 138100000610 | D6: HRC 2.28 x 423 SPHC | E6: 125757 | F6: 25 | G6: CRC 1.10 x 423 SPCC | H6: 124616 | I6: 25 | J6: 当日 /วัน（T） | L6: 25.098 | N6: 当日/ วัน（%） | O6: =(O9-L6)/O9 -> 0.94095644
B7: 3 | C7: 138100000597 | D7: HRC 2.28 x 423 SPHC | E7: 151306 | F7: 30 | G7: CRC 1.30 x 423 SPCC | H7: 150096 | I7: 30 | J7: 合计/ทั้งหมด（T） | L7: =L6+'18-05-26'!L7:M7 -> 324.564 | N7: 合计/ ทั้งหมด（%） | O7: =(O10-L7)/O10 -> 0.96148354
B8: 4 | C8: 138100000598 | D8: HRC 2.28 x 421 SPHC | E8: 60374 | F8: 12 | G8: CRC 1.30 x 423 SPCC | H8: 59860 | I8: 12 | J8: 原料重量 (น้ำหนักวัตถุดิบ) PK | N8: 成品重量 (น้ำหนักวัตถุดิบ) CRL
J9: 当日（t） | L9: 428.659 | N9: 当日（t） | O9: 425.076
J10: 合计（t） | L10: =L9+'18-05-26'!L10:M10 -> 8505.197 | N10: 合计（t） | O10: =O9+'18-05-26'!O10 -> 8426.632
J11: 机时产量(อัตราการผลิต/1ชั่วโมง) | N11: 有效作业率 (อัตราการทำงาน)
J12: 当日（t/h） | L12: =O9/(11-I33) -> 39.726729 | N12: 当日 （%） | O12: =(11-I33)/11 -> 0.97272727
J13: 合计（t/h） | L13: =O10/O46 -> 46.047169 | N13: 合计（%） | O13: =O46/L46 -> 0.92893401
J14: 酸洗电耗 ( ไฟฟ้า) PK
A15: 停机记录 บันทึกการหยุดเครื่อง | B15: 22:01-22:07自动焊机调试！ | H15: 分钟 | I15: 小时 | J15: 当日（kwh） | L15: 3203 | N15: 当日吨钢消耗 （kwh/t） | O15: =L15/L9 -> 7.4721399
H16: 6 | I16: =ROUND(H16/60,1) -> 0.1 | J16: 合计（kwh） | L16: =L15+'18-05-26'!L16:M16 -> 59860 | N16: 合计吨钢消耗 （kwh/t） | O16: =L16/L10 -> 7.0380498
B17: 0:03-0:08更换F1.F3工作辊！ | H17: 5 | I17: =ROUND(H17/60,1) -> 0.1 | J17: 盐酸 (HCL)
J18: 当日（m³） | L18: 12 | N18: 当日吨钢消耗 （m³/t） | O18: =L18/L9 -> 0.02799428
B19: 1:36-1:42更换F4工作辊！ | H19: 6 | I19: =ROUND(H19/60,1) -> 0.1 | J19: 合计（m³） | L19: =L18+'18-05-26'!L19:M19 -> 168 | N19: 合计吨钢消耗 （m³/t） | O19: =L19/L10 -> 0.019752629
J20: 原料打包带(น้ำหนักสายรัดวัตถุ) PK | N20: 焊接切除废料(เศษวัสดุหลังการเชื่อม)PK
J21: 当日（kg） | L21: 282 | N21: 当日（kg） | O21: 244
J22: 合计（kg） | L22: =L21+'18-05-26'!L22:M22 -> 5634 | N22: 合计（kg） | O22: =O21+'18-05-26'!O22 -> 6792
J23: 切头切尾 (scapหัว-ท้าย) | N23: 工艺段及活套废料 (เศษวัสดุจากกระบวนการผลิต)
J24: 当日（kg） | L24: 132 | N24: 当日（kg）
J25: 合计（kg） | L25: =L24+'18-05-26'!L25:M25 -> 3535 | N25: 合计（kg）
J26: 酸洗天然气( แก๊ส PK)
J27: 当日（Nm3） | L27: 1362 | N27: 当日吨钢消耗 （Nm3/t） | O27: =L27/L9 -> 3.1773508
J28: 合计（Nm3） | L28: =L27+'18-05-26'!L28:M28 -> 25912 | N28: 合计吨钢消耗 （Nm3/t） | O28: =L28/L10 -> 3.0466079
J29: 缓蚀剂 (Actived 1803 )
J30: 当日（L） | L30: 36
J31: 合计(L) | L31: =L30+'18-05-26'!L31:O31 -> 504
J32: 轧机电耗 (ไฟฟ้า) CRL
I33: =ROUND(I16+I17+I19+I21+I23+I25+I27+I29+I31,1) -> 0.3 | J33: 当日（kwh） | L33: 15855 | N33: 当日吨钢消耗 （kwh/t） | O33: =L33/O9 -> 37.299212
J34: 合计（kwh） | L34: =L33+'18-05-26'!L34:M35 -> 339987 | N34: 合计吨钢消耗 （kwh/t） | O34: =L34/O10 -> 40.346725
A35: 质量概述 QC | B35: B级品：原料边裂5卷！ | J35: 轧机废料 (เศษวัสดุจากเครื่องรีด) | N35: 成材率 (อัตราการผลิต)
J36: 断带废ของเสียจากสายพานขาด（kg） | L36: 0 | M36: =L36+'18-05-26'!M36 -> 3464 | N36: =L36/1000/L9 -> 0 | O36: =M36/1000/L10 -> 0.0004072804
J37: 调整废（kg）ของเสียจากการปรับตั้ง | L37: 158 | M37: =L37+'18-05-26'!M37 -> 4952 | N37: =L37/1000/L9 -> 0.00036859135 | O37: =M37/1000/L10 -> 0.00058223225
J38: 孔洞、边裂（kg）ของเสียจากขอบแตก | L38: 200 | M38: =L38+'18-05-26'!M38 -> 4963 | N38: =L38/1000/L9 -> 0.00046657133 | O38: =M38/1000/L10 -> 0.00058352558
J39: 当日（kg） | L39: =L36+L37+L38 -> 358 | N39: 当日（%） | O39: =O9/L9 -> 0.99164137
J40: 合计（kg） | L40: =L39+'18-05-26'!L40:M40 -> 13379 | N40: 合计（%） | O40: =(O10)/(L10-L22/1000) -> 0.99141944
J41: 轧制油 (Coolant)
A42: 备注 หมายเหตุ | B42: 3:40左右正常生产423*2.28*1.3一号收卷机助卷皮带断裂，疑是皮带质量问题，待设备人员确认！ | J42: 当日（kg） | L42: 0 | N42: 当日吨钢消耗 （kg/t） | O42: =L42/O9 -> 0
J43: 合计（kg） | L43: =L42+'18-05-26'!L43:M43 -> 860 | N43: 合计吨钢消耗 （kg/t） | O43: =L43/O10 -> 0.10205738
J44: 日历时间 time | N44: 实际作业时间 เวลาจริง
J45: 当日（h） | L45: 11 | N45: 当日（h） | O45: =11-I33 -> 10.7
J46: 合计（h） | L46: =L45+'18-05-26'!L46:M46 -> 197 | N46: 合计（h） | O46: =ROUND(L46-I33-'01-05-26'!I33-'02-05-26'!I33-'03-05-26'!I33-'04-05-26'!I33-'05-05-26'!I33-'06-05-26'!I33-'07-05-26'!I33-'08-05-26'!I33-'09-05-26'!I33-'10-05-26 '!I33-'11-05-26'!I33-'12-05-26 '!I33-'13-05-26'!I33-'14-05-26'!I33-'15-05-26'!I33-'16-05-26'!I33-'17-05-26'!I33-'18-05-26'!I33,1) -> 183
A48: Issued : …..................................................... Approved : …..............................................................

Sheet 20-05-26
A1: 酸轧线生产运行记录总表 สรุปการผลิต PK CRL Line
M2: 日期 (Date)
A3: 生产数据记录 บันทึกข้อมูลการผลิต | B3: 序号 Item | C3: 生产订单 Production Order | D3: 原料规格 size of material | E3: 原料重量 Weight of material（t） | F3: 原料卷数PK（coil） | G3: 成品规格 Description product | H3: 成品重量 weight of product (t) | I3: 成品卷数 CRL（coil） | J3: 各项指标及能源消耗 (ตัวชี้วัดและการใช้พลังงาน)
B5: 1 | C5: 138100000598 | D5: HRC 2.28 x 421 SPHC | E5: 70381 | F5: 14 | G5: CRC 1.30 x 423 SPCC | H5: 69744 | I5: 14 | J5: B级品 (เกรด B) | N5: 一级品率 (เกรด A)
B6: 2 | C6: 138100000610 | D6: HRC 2.28 x 423 SPHC | E6: 20441 | F6: 4 | G6: CRC 1.10 x 423 SPCC | H6: 20110 | I6: 4 | J6: 当日 /วัน（T） | L6: 19.46 | N6: 当日/ วัน（%） | O6: =(O9-L6)/O9 -> 0.8961934
B7: 3 | C7: 138100000633 | D7: HRC 3.00 x 390 SPHC | E7: 4618 | F7: 1 | G7: CRC 1.10 x 390 SPCC | H7: 3812 | I7: 1 | J7: 合计/ทั้งหมด（T） | L7: =L6+'19-05-26'!L7:M7 -> 344.024 | N7: 合计/ ทั้งหมด（%） | O7: =(O10-L7)/O10 -> 0.96006267
B8: 4 | C8: 138100000615 | D8: HRC 2.50 x 444 SPHC | E8: 10433 | F8: 2 | G8: CRC 0.35 x 444 SPCC | H8: 9362 | I8: 2 | J8: 原料重量 (น้ำหนักวัตถุดิบ) PK | N8: 成品重量 (น้ำหนักวัตถุดิบ) CRL
B9: 5 | C9: 138100000616 | D9: HRC 2.50 x 444 SPHC | E9: 15543 | F9: 3 | G9: CRC 0.45 x 444 SPCC | H9: 15284 | I9: 3 | J9: 当日（t） | L9: 192.266 | N9: 当日（t） | O9: 187.464
B10: 6 | C10: 138100000617 | D10: HRC 2.50 x 414 SPHC | E10: 14832 | F10: 3 | G10: CRC 0.45 x 414 SPCC | H10: 14652 | I10: 3 | J10: 合计（t） | L10: =L9+'19-05-26'!L10:M10 -> 8697.463 | N10: 合计（t） | O10: =O9+'19-05-26'!O10 -> 8614.096
B11: 7 | C11: 138100000618 | D11: HRC 2.50 x 408 SPHC | E11: 32583 | F11: 7 | G11: CRC 0.35 x 408 SPCC | H11: 31638 | I11: 7 | J11: 机时产量(อัตราการผลิต/1ชั่วโมง) | N11: 有效作业率 (อัตราการทำงาน)
B12: 8 | C12: 138100000619 | D12: HRC 2.50 x 406 SPHC | E12: 23435 | F12: 5 | G12: CRC 0.45 x 406 SPCC | H12: 22862 | I12: 5 | J12: 当日（t/h） | L12: =O9/(11-I33) -> 20.60044 | N12: 当日 （%） | O12: =(11-I33)/11 -> 0.82727273
J13: 合计（t/h） | L13: =O10/O46 -> 44.841728 | N13: 合计（%） | O13: =O46/L46 -> 0.92355769
J14: 酸洗电耗 ( ไฟฟ้า) PK
A15: 停机记录 บันทึกการหยุดเครื่อง | B15: 0:00-0:05改宽带更换F2.F4工作辊！ | H15: 分钟 | I15: 小时 | J15: 当日（kwh） | L15: 3337 | N15: 当日吨钢消耗 （kwh/t） | O15: =L15/L9 -> 17.356163
H16: 5 | I16: =ROUND(H16/60,1) -> 0.1 | J16: 合计（kwh） | L16: =L15+'19-05-26'!L16:M16 -> 63197 | N16: 合计吨钢消耗 （kwh/t） | O16: =L16/L10 -> 7.2661419
B17: 0:45-0:50辊印更换F4工作辊！ | H17: 5 | I17: =ROUND(H17/60,1) -> 0.1 | J17: 盐酸 (HCL)
J18: 当日（m³） | L18: 3 | N18: 当日吨钢消耗 （m³/t） | O18: =L18/L9 -> 0.015603383
B19: 1:14-1:18辊印更换F2工作辊！ | H19: 4 | I19: =ROUND(H19/60,1) -> 0.1 | J19: 合计（m³） | L19: =L18+'19-05-26'!L19:M19 -> 171 | N19: 合计吨钢消耗 （m³/t） | O19: =L19/L10 -> 0.019660906
J20: 原料打包带(น้ำหนักสายรัดวัตถุ) PK | N20: 焊接切除废料(เศษวัสดุหลังการเชื่อม)PK
B21: 1:23-1:40辊印更换F1工作辊！ | H21: 17 | I21: =ROUND(H21/60,1) -> 0.3 | J21: 当日（kg） | L21: 132 | N21: 当日（kg） | O21: 178
J22: 合计（kg） | L22: =L21+'19-05-26'!L22:M22 -> 5766 | N22: 合计（kg） | O22: =O21+'19-05-26'!O22 -> 6970
B23: 2:26-2:50轧薄料焊接头开裂，更换F4工作辊！ | H23: 24 | I23: =ROUND(H23/60,1) -> 0.4 | J23: 切头切尾 (scapหัว-ท้าย) | N23: 工艺段及活套废料 (เศษวัสดุจากกระบวนการผลิต)
J24: 当日（kg） | L24: 62 | N24: 当日（kg）
B25: 4:34-4:42薄带焊接头开裂更换F4工作辊！ | H25: 8 | I25: =ROUND(H25/60,1) -> 0.1 | J25: 合计（kg） | L25: =L24+'19-05-26'!L25:M25 -> 3597 | N25: 合计（kg）
J26: 酸洗天然气( แก๊ส PK)
B27: 5:15-5:30辊印更换F1.F4工作辊！ | H27: 15 | I27: =ROUND(H27/60,1) -> 0.3 | J27: 当日（Nm3） | L27: 1441 | N27: 当日吨钢消耗 （Nm3/t） | O27: =L27/L9 -> 7.4948249
J28: 合计（Nm3） | L28: =L27+'19-05-26'!L28:M28 -> 27353 | N28: 合计吨钢消耗 （Nm3/t） | O28: =L28/L10 -> 3.1449401
B29: 6:19-6:27辊印更换F1工作辊！ | H29: 8 | I29: =ROUND(H29/60,1) -> 0.1 | J29: 缓蚀剂 (Actived 1803 )
J30: 当日（L） | L30: 9
B31: 7:41-7:58薄带焊接头开裂更换F4工作辊！ | H31: 17 | I31: =ROUND(H31/60,1) -> 0.3 | J31: 合计(L) | L31: =L30+'19-05-26'!L31:O31 -> 513
B32: 8:34-8:40辊印更换F1工作辊！ | H32: 6 | I32: =ROUND(H32/60,1) -> 0.1 | J32: 轧机电耗 (ไฟฟ้า) CRL
I33: =ROUND(I16+I17+I19+I21+I23+I25+I27+I29+I31+I32,1) -> 1.9 | J33: 当日（kwh） | L33: 16146 | N33: 当日吨钢消耗 （kwh/t） | O33: =L33/O9 -> 86.128537
J34: 合计（kwh） | L34: =L33+'19-05-26'!L34:M35 -> 356133 | N34: 合计吨钢消耗 （kwh/t） | O34: =L34/O10 -> 41.34305
A35: 质量概述 QC | B35: B级品：原料边裂4卷！ | J35: 轧机废料 (เศษวัสดุจากเครื่องรีด) | N35: 成材率 (อัตราการผลิต)
J36: 断带废ของเสียจากสายพานขาด（kg） | L36: 2138 | M36: =L36+'19-05-26'!M36 -> 5602 | N36: =L36/1000/L9 -> 0.011120011 | O36: =M36/1000/L10 -> 0.00064409587
J37: 调整废（kg）ของเสียจากการปรับตั้ง | L37: 416 | M37: =L37+'19-05-26'!M37 -> 5368 | N37: =L37/1000/L9 -> 0.0021636691 | O37: =M37/1000/L10 -> 0.00061719147
J38: 孔洞、边裂（kg）ของเสียจากขอบแตก | L38: 560 | M38: =L38+'19-05-26'!M38 -> 5523 | N38: =L38/1000/L9 -> 0.0029126315 | O38: =M38/1000/L10 -> 0.00063501276
J39: 当日（kg） | L39: =L36+L37+L38 -> 3114 | N39: 当日（%） | O39: =O9/L9 -> 0.97502419
J40: 合计（kg） | L40: =L39+'19-05-26'!L40:M40 -> 16493 | N40: 合计（%） | O40: =(O10)/(L10-L22/1000) -> 0.99107182
J41: 轧制油 (Coolant)
A42: 备注 หมายเหตุ | B42: 生产成品0.35薄壁带钢时，焊接头基本每卷开裂，疑是变形量打，变形量为87！ | J42: 当日（kg） | L42: 0 | N42: 当日吨钢消耗 （kg/t） | O42: =L42/O9 -> 0
J43: 合计（kg） | L43: =L42+'19-05-26'!L43:M43 -> 860 | N43: 合计吨钢消耗 （kg/t） | O43: =L43/O10 -> 0.099836361
J44: 日历时间 time | N44: 实际作业时间 เวลาจริง
J45: 当日（h） | L45: 11 | N45: 当日（h） | O45: =11-I33 -> 9.1
J46: 合计（h） | L46: =L45+'19-05-26'!L46:M46 -> 208 | N46: 合计（h） | O46: =ROUND(L46-I33-'01-05-26'!I33-'02-05-26'!I33-'03-05-26'!I33-'04-05-26'!I33-'05-05-26'!I33-'06-05-26'!I33-'07-05-26'!I33-'08-05-26'!I33-'09-05-26'!I33-'10-05-26 '!I33-'11-05-26'!I33-'12-05-26 '!I33-'13-05-26'!I33-'14-05-26'!I33-'15-05-26'!I33-'16-05-26'!I33-'17-05-26'!I33-'18-05-26'!I33-'19-05-26'!I33,1) -> 192.1
A48: Issued : …..................................................... Approved : …..............................................................

Sheet 21-05-26
A1: 酸轧线生产运行记录总表 สรุปการผลิต PK CRL Line
M2: 日期 (Date)
A3: 生产数据记录 บันทึกข้อมูลการผลิต | B3: 序号 Item | C3: 生产订单 Production Order | D3: 原料规格 size of material | E3: 原料重量 Weight of material（t） | F3: 原料卷数PK（coil） | G3: 成品规格 Description product | H3: 成品重量 weight of product (t) | I3: 成品卷数 CRL（coil） | J3: 各项指标及能源消耗 (ตัวชี้วัดและการใช้พลังงาน)
B5: 1 | C5: 138100000619 | D5: HRC 2.50 x 406 SPHC | E5: 9298 | F5: 2 | G5: CRC 0.45 x 406 SPCC | H5: 9048 | I5: 2 | J5: B级品 (เกรด B) | N5: 一级品率 (เกรด A)
B6: 2 | C6: 138100000620 | D6: HRC 2.50 x 406 SPHC | E6: 18721 | F6: 4 | G6: CRC 0.55 x 406 SPCC | H6: 18548 | I6: 4 | J6: 当日 /วัน（T） | L6: 47.51 | N6: 当日/ วัน（%） | O6: =(O9-L6)/O9 -> 0.8090695
B7: 3 | C7: 138100000621 | D7: HRC 2.50 x 398 SPHC | E7: 23430 | F7: 5 | G7: CRC 0.45 x 398 SPCC | H7: 23226 | I7: 5 | J7: 合计/ทั้งหมด（T） | L7: =L6+'20-05-26'!L7:M7 -> 391.534 | N7: 合计/ ทั้งหมด（%） | O7: =(O10-L7)/O10 -> 0.95582341
B8: 4 | C8: 138100000622 | D8: HRC 2.75 x 398 SPHC | E8: 13924 | F8: 3 | G8: CRC 0.65 x 398 SPCC | H8: 13576 | I8: 3 | J8: 原料重量 (น้ำหนักวัตถุดิบ) PK | N8: 成品重量 (น้ำหนักวัตถุดิบ) CRL
B9: 5 | C9: 138100000626 | D9: HRC 2.41 x 388 SPHC | E9: 4758 | F9: 1 | G9: CRC 0.70 x 388 SPCC | H9: 4722 | I9: 1 | J9: 当日（t） | L9: 253.654 | N9: 当日（t） | O9: 248.834
B10: 6 | C10: 138100000627 | D10: HRC 2.50 x 386 SPHC | E10: 50023 | F10: 11 | G10: CRC 0.45 x 386 SPCC | H10: 48310 | I10: 11 | J10: 合计（t） | L10: =L9+'20-05-26'!L10:M10 -> 8951.117 | N10: 合计（t） | O10: =O9+'20-05-26'!O10 -> 8862.93
B11: 7 | C11: 138100000623 | D11: HRC 2.75 x 376 SPHC | E11: 22727 | F11: 5 | G11: CRC 0.65 x 376 SPCC | H11: 22360 | I11: 5 | J11: 机时产量(อัตราการผลิต/1ชั่วโมง) | N11: 有效作业率 (อัตราการทำงาน)
B12: 8 | C12: 138100000628 | D12: HRC 3.00 x 375 SPHC | E12: 18182 | F12: 4 | G12: CRC 0.90 x 375 SPCC | H12: 17792 | I12: 4 | J12: 当日（t/h） | L12: =O9/(11-I33) -> 25.134747 | N12: 当日 （%） | O12: =(11-I33)/11 -> 0.9
B13: 9 | C13: 138100000629 | D13: HRC 3.00 x 362 SPHC | E13: 9196 | F13: 2 | G13: CRC 0.70 x 362 SPCC | H13: 9050 | I13: 2 | J13: 合计（t/h） | L13: =O10/O46 -> 43.875891 | N13: 合计（%） | O13: =O46/L46 -> 0.92237443
B14: 10 | C14: 138100000630 | D14: HRC 2.75 x 357 SPHC | E14: 37677 | F14: 9 | G14: CRC 0.70 x 357 SPCC | H14: 37288 | I14: 9 | J14: 酸洗电耗 ( ไฟฟ้า) PK
B15: 11 | C15: 138100000631 | D15: HRC 2.50 x 348 SPHC | E15: 37407 | F15: 9 | G15: CRC 0.45 x 348 SPCC | H15: 36816 | I15: 9 | J15: 当日（kwh） | L15: 3207 | N15: 当日吨钢消耗 （kwh/t） | O15: =L15/L9 -> 12.643207
B16: 12 | C16: 138100000632 | D16: HRC 2.50 x 348 SPHC | E16: 8311 | F16: 2 | G16: CRC 0.55 x 348 SPCC | H16: 8098 | I16: 2 | J16: 合计（kwh） | L16: =L15+'20-05-26'!L16:M16 -> 66404 | N16: 合计吨钢消耗 （kwh/t） | O16: =L16/L10 -> 7.4185155
A17: 停机记录 บันทึกการหยุดเครื่อง | B17: 22:42-22:47辊印更换F1.F3工作辊！ | H17: 分钟 | I17: 小时 | J17: 盐酸 (HCL)
H18: 5 | I18: =ROUND(H18/60,1) -> 0.1 | J18: 当日（m³） | L18: 6 | N18: 当日吨钢消耗 （m³/t） | O18: =L18/L9 -> 0.023654269
B19: 23-51-0:00轧制0.35焊接头开裂F3出口，更换F4工作辊！ | H19: 9 | I19: =ROUND(H19/60,1) -> 0.2 | J19: 合计（m³） | L19: =L18+'20-05-26'!L19:M19 -> 177 | N19: 合计吨钢消耗 （m³/t） | O19: =L19/L10 -> 0.019774068
J20: 原料打包带(น้ำหนักสายรัดวัตถุ) PK | N20: 焊接切除废料(เศษวัสดุหลังการเชื่อม)PK
B21: 0:28-0:34辊印更换F1工作辊！ | H21: 6 | I21: =ROUND(H21/60,1) -> 0.1 | J21: 当日（kg） | L21: 220 | N21: 当日（kg） | O21: 216
J22: 合计（kg） | L22: =L21+'20-05-26'!L22:M22 -> 5986 | N22: 合计（kg） | O22: =O21+'20-05-26'!O22 -> 7186
B23: 1:16-1:33辊印更换F2.F3.F4工作辊！ | H23: 17 | I23: =ROUND(H23/60,1) -> 0.3 | J23: 切头切尾 (scapหัว-ท้าย) | N23: 工艺段及活套废料 (เศษวัสดุจากกระบวนการผลิต)
J24: 当日（kg） | L24: 156 | N24: 当日（kg）
B25: 2:09-2:15焊接头开裂F2出口！ | H25: 6 | I25: =ROUND(H25/60,1) -> 0.1 | J25: 合计（kg） | L25: =L24+'20-05-26'!L25:M25 -> 3753 | N25: 合计（kg）
J26: 酸洗天然气( แก๊ส PK)
B27: 4:47-4:51辊印更换F1工作辊！ | H27: 4 | I27: =ROUND(H27/60,1) -> 0.1 | J27: 当日（Nm3） | L27: 1280 | N27: 当日吨钢消耗 （Nm3/t） | O27: =L27/L9 -> 5.0462441
J28: 合计（Nm3） | L28: =L27+'20-05-26'!L28:M28 -> 28633 | N28: 合计吨钢消耗 （Nm3/t） | O28: =L28/L10 -> 3.1988187
B29: 5:47-5:52辊印更换F1工作辊！ | H29: 5 | I29: =ROUND(H29/60,1) -> 0.1 | J29: 缓蚀剂 (Actived 1803 )
J30: 当日（L） | L30: 18
B31: 8:20-8:25辊印更换F4工作辊！ | H31: 5 | I31: =ROUND(H31/60,1) -> 0.1 | J31: 合计(L) | L31: =L30+'20-05-26'!L31:O31 -> 531
J32: 轧机电耗 (ไฟฟ้า) CRL
I33: =ROUND(I18+I19+I21+I23+I25+I27+I29+I31,1) -> 1.1 | J33: 当日（kwh） | L33: 22669 | N33: 当日吨钢消耗 （kwh/t） | O33: =L33/O9 -> 91.100895
J34: 合计（kwh） | L34: =L33+'20-05-26'!L34:M35 -> 378802 | N34: 合计吨钢消耗 （kwh/t） | O34: =L34/O10 -> 42.740042
A35: 质量概述 QC | B35: 原料边裂11卷! | J35: 轧机废料 (เศษวัสดุจากเครื่องรีด) | N35: 成材率 (อัตราการผลิต)
J36: 断带废ของเสียจากสายพานขาด（kg） | L36: 2088 | M36: =L36+'20-05-26'!M36 -> 7690 | N36: =L36/1000/L9 -> 0.0082316857 | O36: =M36/1000/L10 -> 0.00085911066
J37: 调整废（kg）ของเสียจากการปรับตั้ง | L37: 165 | M37: =L37+'20-05-26'!M37 -> 5533 | N37: =L37/1000/L9 -> 0.0006504924 | O37: =M37/1000/L10 -> 0.00061813514
J38: 孔洞、边裂（kg）ของเสียจากขอบแตก | L38: 245 | M38: =L38+'20-05-26'!M38 -> 5768 | N38: =L38/1000/L9 -> 0.00096588266 | O38: =M38/1000/L10 -> 0.00064438885
J39: 当日（kg） | L39: =L36+L37+L38 -> 2498 | N39: 当日（%） | O39: =O9/L9 -> 0.98099774
J40: 合计（kg） | L40: =L39+'20-05-26'!L40:M40 -> 18991 | N40: 合计（%） | O40: =(O10)/(L10-L22/1000) -> 0.99081053
J41: 轧制油 (Coolant)
A42: 备注 หมายเหตุ | B42: （镰刀弯/头尾薄厚不均） 开卷剪切342Kg! | J42: 当日（kg） | L42: 120 | N42: 当日吨钢消耗 （kg/t） | O42: =L42/O9 -> 0.48224921
J43: 合计（kg） | L43: =L42+'20-05-26'!L43:M43 -> 980 | N43: 合计吨钢消耗 （kg/t） | O43: =L43/O10 -> 0.11057291
J44: 日历时间 time | N44: 实际作业时间 เวลาจริง
J45: 当日（h） | L45: 11 | N45: 当日（h） | O45: =11-I33 -> 9.9
J46: 合计（h） | L46: =L45+'20-05-26'!L46:M46 -> 219 | N46: 合计（h） | O46: =ROUND(L46-I33-'01-05-26'!I33-'02-05-26'!I33-'03-05-26'!I33-'04-05-26'!I33-'05-05-26'!I33-'06-05-26'!I33-'07-05-26'!I33-'08-05-26'!I33-'09-05-26'!I33-'10-05-26 '!I33-'11-05-26'!I33-'12-05-26 '!I33-'13-05-26'!I33-'14-05-26'!I33-'15-05-26'!I33-'16-05-26'!I33-'17-05-26'!I33-'18-05-26'!I33-'19-05-26'!I33-'20-05-26'!I33,1) -> 202
A48: Issued : …..................................................... Approved : …..............................................................

Sheet 22-05-26
A1: 酸轧线生产运行记录总表 สรุปการผลิต PK CRL Line
M2: 日期 (Date)
A3: 生产数据记录 บันทึกข้อมูลการผลิต | B3: 序号 Item | C3: 生产订单 Production Order | D3: 原料规格 size of material | E3: 原料重量 Weight of material（t） | F3: 原料卷数PK（coil） | G3: 成品规格 Description product | H3: 成品重量 weight of product (t) | I3: 成品卷数 CRL（coil） | J3: 各项指标及能源消耗 (ตัวชี้วัดและการใช้พลังงาน)
B5: 1 | C5: 138100000636 | D5: HRC 2.75 x 336 SPHC | E5: 101135 | F5: 26 | G5: CRC 0.83 x 336 SPCC | H5: 99530 | I5: 26 | J5: B级品 (เกรด B) | N5: 一级品率 (เกรด A)
B6: 2 | C6: 138100000637 | D6: HRC 3.50 x 370 SPHC | E6: 26978 | F6: 6 | G6: CRC 1.20 x 370 SPCC | H6: 26750 | I6: 6 | J6: 当日 /วัน（T） | L6: 3.91 | N6: 当日/ วัน（%） | O6: =(O9-L6)/O9 -> 0.9770868
B7: 3 | C7: 138100000571 | D7: HRC 4.00 x 361 SPHC | E7: 4213 | F7: 1 | G7: CRC 1.30 x 361 SPCC | H7: 3910 | I7: 1 | J7: 合计/ทั้งหมด（T） | L7: =L6+'21-05-26'!L7:M7 -> 395.444 | N7: 合计/ ทั้งหมด（%） | O7: =(O10-L7)/O10 -> 0.95622508
B8: 4 | C8: 138100000635 | D8: HRC 3.00 x 362 SPHC | E8: 40967 | F8: 9 | G8: CRC 1.10 x 362 SPCC | H8: 40454 | I8: 9 | J8: 原料重量 (น้ำหนักวัตถุดิบ) PK | N8: 成品重量 (น้ำหนักวัตถุดิบ) CRL
J9: 当日（t） | L9: 173.293 | N9: 当日（t） | O9: 170.644
J10: 合计（t） | L10: =L9+'21-05-26'!L10:M10 -> 9124.41 | N10: 合计（t） | O10: =O9+'21-05-26'!O10 -> 9033.574
J11: 机时产量(อัตราการผลิต/1ชั่วโมง) | N11: 有效作业率 (อัตราการทำงาน)
J12: 当日（t/h） | L12: =O9/(6-I33) -> 29.421379 | N12: 当日 （%） | O12: =(6-I33)/6 -> 0.96666667
J13: 合计（t/h） | L13: =O10/O46 -> 43.472445 | N13: 合计（%） | O13: =O46/L46 -> 0.92355556
J14: 酸洗电耗 ( ไฟฟ้า) PK
A15: 停机记录 บันทึกการหยุดเครื่อง | B15: 22:22-22:28辊印更换F3工作辊！ | H15: 分钟 | I15: 小时 | J15: 当日（kwh） | L15: 1929 | N15: 当日吨钢消耗 （kwh/t） | O15: =L15/L9 -> 11.131436
H16: 6 | I16: =ROUND(H16/60,1) -> 0.1 | J16: 合计（kwh） | L16: =L15+'21-05-26'!L16:M16 -> 68333 | N16: 合计吨钢消耗 （kwh/t） | O16: =L16/L10 -> 7.4890322
B17: 23:46-23:51辊印更换F4工作辊！ | H17: 5 | I17: =ROUND(H17/60,1) -> 0.1 | J17: 盐酸 (HCL)
J18: 当日（m³） | L18: 6 | N18: 当日吨钢消耗 （m³/t） | O18: =L18/L9 -> 0.034623441
B19: 0:43-0:52窄带改宽带更换F1.F2.F3工作辊！ | H19: 9 | I19: =ROUND(H19/60,1) -> 0.2 | J19: 合计（m³） | L19: =L18+'21-05-26'!L19:M19 -> 183 | N19: 合计吨钢消耗 （m³/t） | O19: =L19/L10 -> 0.020056091
J20: 原料打包带(น้ำหนักสายรัดวัตถุ) PK | N20: 焊接切除废料(เศษวัสดุหลังการเชื่อม)PK
J21: 当日（kg） | L21: 132 | N21: 当日（kg） | O21: 130
J22: 合计（kg） | L22: =L21+'21-05-26'!L22:M22 -> 6118 | N22: 合计（kg） | O22: =O21+'21-05-26'!O22 -> 7316
J23: 切头切尾 (scapหัว-ท้าย) | N23: 工艺段及活套废料 (เศษวัสดุจากกระบวนการผลิต)
J24: 当日（kg） | L24: 144 | N24: 当日（kg）
J25: 合计（kg） | L25: =L24+'21-05-26'!L25:M25 -> 3897 | N25: 合计（kg）
J26: 酸洗天然气( แก๊ส PK)
J27: 当日（Nm3） | L27: 819 | N27: 当日吨钢消耗 （Nm3/t） | O27: =L27/L9 -> 4.7260997
J28: 合计（Nm3） | L28: =L27+'21-05-26'!L28:M28 -> 29452 | N28: 合计吨钢消耗 （Nm3/t） | O28: =L28/L10 -> 3.2278251
J29: 缓蚀剂 (Actived 1803 )
J30: 当日（L） | L30: 18
J31: 合计(L) | L31: =L30+'21-05-26'!L31:O31 -> 549
J32: 轧机电耗 (ไฟฟ้า) CRL
I33: =ROUND(I18+I19+I21+I23+I25+I27+I29+I31,1) -> 0.2 | J33: 当日（kwh） | L33: 12082 | N33: 当日吨钢消耗 （kwh/t） | O33: =L33/O9 -> 70.802372
J34: 合计（kwh） | L34: =L33+'21-05-26'!L34:M35 -> 390884 | N34: 合计吨钢消耗 （kwh/t） | O34: =L34/O10 -> 43.270139
A35: 质量概述 QC | B35: B级品原料边裂1卷！ | J35: 轧机废料 (เศษวัสดุจากเครื่องรีด) | N35: 成材率 (อัตราการผลิต)
J36: 断带废ของเสียจากสายพานขาด（kg） | L36: 102 | M36: =L36+'21-05-26'!M36 -> 7792 | N36: =L36/1000/L9 -> 0.0005885985 | O36: =M36/1000/L10 -> 0.00085397302
J37: 调整废（kg）ของเสียจากการปรับตั้ง | L37: 270 | M37: =L37+'21-05-26'!M37 -> 5803 | N37: =L37/1000/L9 -> 0.0015580549 | O37: =M37/1000/L10 -> 0.00063598633
J38: 孔洞、边裂（kg）ของเสียจากขอบแตก | L38: 324 | M38: =L38+'21-05-26'!M38 -> 6092 | N38: =L38/1000/L9 -> 0.0018696658 | O38: =M38/1000/L10 -> 0.00066765961
J39: 当日（kg） | L39: =L36+L37+L38 -> 696 | N39: 当日（%） | O39: =O9/L9 -> 0.98471375
J40: 合计（kg） | L40: =L39+'21-05-26'!L40:M40 -> 19687 | N40: 合计（%） | O40: =(O10)/(L10-L22/1000) -> 0.99070901
J41: 轧制油 (Coolant)
A42: 备注 หมายเหตุ | B42: 4:00无生产计划停机收拾现场！ 原料镰刀弯/头尾薄厚不均开卷剪切80Kg | J42: 当日（kg） | L42: 60 | N42: 当日吨钢消耗 （kg/t） | O42: =L42/O9 -> 0.3516092
J43: 合计（kg） | L43: =L42+'21-05-26'!L43:M43 -> 1040 | N43: 合计吨钢消耗 （kg/t） | O43: =L43/O10 -> 0.11512608
J44: 日历时间 time | N44: 实际作业时间 เวลาจริง
J45: 当日（h） | L45: 6 | N45: 当日（h） | O45: =6-I33 -> 5.8
J46: 合计（h） | L46: =L45+'21-05-26'!L46:M46 -> 225 | N46: 合计（h） | O46: =ROUND(L46-I33-'01-05-26'!I33-'02-05-26'!I33-'03-05-26'!I33-'04-05-26'!I33-'05-05-26'!I33-'06-05-26'!I33-'07-05-26'!I33-'08-05-26'!I33-'09-05-26'!I33-'10-05-26 '!I33-'11-05-26'!I33-'12-05-26 '!I33-'13-05-26'!I33-'14-05-26'!I33-'15-05-26'!I33-'16-05-26'!I33-'17-05-26'!I33-'18-05-26'!I33-'19-05-26'!I33-'20-05-26'!I33-'21-05-26'!I33,1) -> 207.8
A48: Issued : …..................................................... Approved : …..............................................................
